Time,Temp,Dew Point,Humidity,Wind,Wind Speed,Wind Gust,Pressure,Precip.,Condition,date
12:00,90,19,8,NW,8,0,27.64,0.0,Fair,2018-07-01
1:00,90,25,10,N,9,0,27.61,0.0,Fair,2018-07-01
2:00,88,25,10,N,8,0,27.61,0.0,Fair,2018-07-01
3:00,88,25,10,N,8,0,27.61,0.0,Fair,2018-07-01
4:00,82,25,12,NW,5,0,27.64,0.0,Fair,2018-07-01
5:00,82,25,12,WNW,3,0,27.64,0.0,Fair,2018-07-01
6:00,82,27,13,NNW,3,0,27.67,0.0,Fair,2018-07-01
7:00,88,30,13,N,5,0,27.67,0.0,Fair,2018-07-01
8:00,91,34,13,NNE,9,0,27.67,0.0,Fair,2018-07-01
9:00,95,36,12,NNE,10,0,27.67,0.0,Fair,2018-07-01
10:00,99,34,10,NE,9,0,27.67,0.0,Fair,2018-07-01
11:00,102,27,7,NE,10,0,27.67,0.0,Fair,2018-07-01
12:00,106,16,4,NNE,14,0,27.67,0.0,Fair,2018-07-01
1:00,106,16,4,NNE,14,0,27.64,0.0,Fair,2018-07-01
2:00,108,21,5,NNE,15,0,27.64,0.0,Fair,2018-07-01
3:00,108,23,5,NNE,14,0,27.61,0.0,Fair,2018-07-01
4:00,108,27,6,NNE,15,0,27.61,0.0,Fair,2018-07-01
5:00,106,25,6,NNE,15,0,27.61,0.0,Fair,2018-07-01
6:00,104,25,6,NNE,14,0,27.61,0.0,Fair,2018-07-01
7:00,102,25,6,NE,9,0,27.61,0.0,Fair,2018-07-01
8:00,99,28,8,NNE,5,0,27.64,0.0,Fair,2018-07-01
9:00,97,25,8,N,5,0,27.64,0.0,Fair,2018-07-01
10:00,97,28,9,N,6,0,27.64,0.0,Fair,2018-07-01
11:00,91,28,10,N,6,0,27.64,0.0,Fair,2018-07-01
12:00,91,28,10,N,6,0,27.64,0.0,Fair,2018-07-02
1:00,90,30,12,N,7,0,27.64,0.0,Fair,2018-07-02
2:00,88,28,12,N,5,0,27.64,0.0,Fair,2018-07-02
3:00,86,30,13,WNW,7,0,27.64,0.0,Fair,2018-07-02
4:00,84,30,14,W,5,0,27.64,0.0,Fair,2018-07-02
5:00,81,28,15,WNW,5,0,27.64,0.0,Fair,2018-07-02
6:00,82,30,15,WNW,6,0,27.64,0.0,Fair,2018-07-02
7:00,86,32,14,WNW,3,0,27.67,0.0,Fair,2018-07-02
8:00,95,34,12,NNW,7,0,27.67,0.0,Fair,2018-07-02
9:00,97,36,12,N,12,0,27.67,0.0,Fair,2018-07-02
10:00,102,34,9,N,8,0,27.67,0.0,Fair,2018-07-02
11:00,104,37,10,NNE,8,0,27.64,0.0,Fair,2018-07-02
12:00,106,36,9,N,16,0,27.64,0.0,Fair,2018-07-02
1:00,109,34,7,NNW,16,0,27.61,0.0,Fair,2018-07-02
2:00,109,36,8,N,20,0,27.59,0.0,Fair,2018-07-02
3:00,109,34,7,N,17,30,27.59,0.0,Fair,2018-07-02
4:00,108,34,8,N,17,0,27.59,0.0,Fair,2018-07-02
5:00,106,30,7,N,17,0,27.59,0.0,Blowing,2018-07-02
6:00,104,28,7,N,18,0,27.59,0.0,Blowing,2018-07-02
7:00,102,30,8,N,15,0,27.59,0.0,Blowing,2018-07-02
8:00,100,30,9,N,10,0,27.61,0.0,Fair,2018-07-02
9:00,97,30,10,N,7,0,27.61,0.0,Fair,2018-07-02
10:00,95,30,10,N,7,0,27.64,0.0,Fair,2018-07-02
11:00,93,30,11,W,7,0,27.61,0.0,Fair,2018-07-02
12:00,91,30,11,WNW,7,0,27.61,0.0,Fair,2018-07-03
1:00,90,30,12,WNW,7,0,27.59,0.0,Fair,2018-07-03
2:00,90,30,12,WNW,8,0,27.59,0.0,Widespread,2018-07-03
3:00,88,28,12,WNW,8,0,27.59,0.0,Widespread,2018-07-03
4:00,88,30,13,WNW,7,0,27.59,0.0,Widespread,2018-07-03
5:00,88,30,13,WNW,8,0,27.59,0.0,Widespread,2018-07-03
6:00,88,28,12,WNW,9,0,27.59,0.0,Widespread,2018-07-03
6:04,88,28,12,WNW,9,0,27.59,0.0,Widespread,2018-07-03
7:00,91,28,10,NW,9,0,27.61,0.0,Widespread,2018-07-03
8:00,95,23,7,NW,17,0,27.59,0.0,Blowing,2018-07-03
9:00,99,28,8,NNW,15,0,27.59,0.0,Fair,2018-07-03
10:00,102,27,7,NNW,16,0,27.59,0.0,Fair,2018-07-03
11:00,106,27,6,N,15,0,27.59,0.0,Fair,2018-07-03
12:00,109,27,6,NNW,16,0,27.56,0.0,Fair,2018-07-03
1:00,109,28,6,NW,16,0,27.53,0.0,Fair,2018-07-03
2:00,109,28,6,N,13,0,27.50,0.0,Fair,2018-07-03
3:00,109,25,5,N,14,0,27.50,0.0,Fair,2018-07-03
4:00,111,25,5,NNW,13,0,27.50,0.0,Fair,2018-07-03
5:00,109,27,6,N,15,0,27.50,0.0,Fair,2018-07-03
6:00,108,28,6,N,14,0,27.50,0.0,Fair,2018-07-03
7:00,106,25,6,N,10,0,27.50,0.0,Fair,2018-07-03
8:00,104,27,7,NNW,10,0,27.50,0.0,Fair,2018-07-03
9:00,99,28,8,NW,9,0,27.53,0.0,Fair,2018-07-03
10:00,97,28,9,NW,10,0,27.53,0.0,Fair,2018-07-03
11:00,95,28,9,NW,10,0,27.53,0.0,Fair,2018-07-03
12:00,95,27,9,NW,9,0,27.53,0.0,Fair,2018-07-04
1:00,93,27,9,NW,10,0,27.50,0.0,Fair,2018-07-04
2:00,91,28,10,NW,9,0,27.50,0.0,Fair,2018-07-04
3:00,91,27,10,NW,8,0,27.50,0.0,Fair,2018-07-04
4:00,90,25,10,WNW,9,0,27.50,0.0,Fair,2018-07-04
5:00,88,25,10,NW,9,0,27.50,0.0,Fair,2018-07-04
6:00,90,23,9,NW,12,0,27.53,0.0,Fair,2018-07-04
7:00,91,21,8,NW,14,0,27.53,0.0,Fair,2018-07-04
8:00,97,25,8,NNW,14,0,27.53,0.0,Fair,2018-07-04
9:00,102,27,7,N,14,0,27.53,0.0,Fair,2018-07-04
10:00,106,28,7,NNW,14,0,27.53,0.0,Fair,2018-07-04
11:00,108,30,7,N,15,0,27.50,0.0,Fair,2018-07-04
12:00,111,32,7,N,16,0,27.50,0.0,Fair,2018-07-04
1:00,111,30,6,NNE,18,0,27.48,0.0,Fair,2018-07-04
2:00,111,30,6,N,15,0,27.45,0.0,Fair,2018-07-04
3:00,113,25,5,N,15,0,27.45,0.0,Fair,2018-07-04
4:00,113,30,6,NNE,14,0,27.45,0.0,Fair,2018-07-04
5:00,111,28,6,N,13,0,27.42,0.0,Fair,2018-07-04
6:00,109,28,6,NNE,12,0,27.45,0.0,Fair,2018-07-04
7:00,106,30,7,NNE,9,0,27.45,0.0,Fair,2018-07-04
8:00,100,28,8,N,5,0,27.48,0.0,Fair,2018-07-04
9:00,99,28,8,NW,7,0,27.48,0.0,Fair,2018-07-04
10:00,97,28,9,NW,8,0,27.50,0.0,Fair,2018-07-04
11:00,93,28,10,WNW,6,0,27.48,0.0,Fair,2018-07-04
12:00,91,30,11,WNW,5,0,27.48,0.0,Fair,2018-07-05
1:00,91,28,10,NW,7,0,27.48,0.0,Fair,2018-07-05
2:00,93,28,10,NW,7,0,27.48,0.0,Fair,2018-07-05
3:00,91,28,10,NNW,6,0,27.48,0.0,Fair,2018-07-05
4:00,90,28,11,W,3,0,27.48,0.0,Fair,2018-07-05
5:00,90,28,11,NNW,5,0,27.48,0.0,Fair,2018-07-05
6:00,90,28,11,NW,8,0,27.48,0.0,Fair,2018-07-05
7:00,93,32,11,NW,7,0,27.50,0.0,Fair,2018-07-05
8:00,99,32,10,NW,13,0,27.50,0.0,Fair,2018-07-05
9:00,104,32,8,NNW,10,0,27.50,0.0,Fair,2018-07-05
10:00,106,36,9,NNW,12,0,27.50,0.0,Fair,2018-07-05
11:00,109,36,8,N,13,0,27.50,0.0,Fair,2018-07-05
12:00,113,30,6,N,13,0,27.48,0.0,Fair,2018-07-05
1:00,113,27,5,NNW,14,0,27.45,0.0,Fair,2018-07-05
2:00,113,30,6,NNE,9,0,27.45,0.0,Fair,2018-07-05
3:00,113,30,6,N,10,0,27.45,0.0,Fair,2018-07-05
4:00,113,30,6,N,10,0,27.45,0.0,Fair,2018-07-05
5:00,111,30,6,NNW,10,0,27.42,0.0,Fair,2018-07-05
6:00,109,30,6,N,14,0,27.45,0.0,Fair,2018-07-05
7:00,108,30,7,N,10,0,27.45,0.0,Fair,2018-07-05
8:00,104,30,8,N,7,0,27.48,0.0,Fair,2018-07-05
9:00,102,30,8,N,7,0,27.48,0.0,Fair,2018-07-05
10:00,99,30,9,WNW,6,0,27.50,0.0,Fair,2018-07-05
11:00,97,30,10,NNW,6,0,27.50,0.0,Fair,2018-07-05
12:00,93,28,10,WNW,6,0,27.50,0.0,Fair,2018-07-06
1:00,91,30,11,WNW,6,0,27.48,0.0,Fair,2018-07-06
2:00,91,28,10,NW,3,0,27.48,0.0,Fair,2018-07-06
3:00,90,30,12,W,3,0,27.48,0.0,Fair,2018-07-06
4:00,84,30,14,N,3,0,27.50,0.0,Fair,2018-07-06
5:00,84,28,13,WNW,5,0,27.50,0.0,Fair,2018-07-06
6:00,84,28,13,WNW,5,0,27.53,0.0,Fair,2018-07-06
7:00,90,32,13,NW,5,0,27.53,0.0,Fair,2018-07-06
8:00,95,34,12,NW,5,0,27.56,0.0,Fair,2018-07-06
9:00,102,30,8,N,3,0,27.56,0.0,Fair,2018-07-06
10:00,106,32,8,NE,2,0,27.53,0.0,Fair,2018-07-06
11:00,108,30,7,NW,2,0,27.53,0.0,Fair,2018-07-06
12:00,113,27,5,NE,3,0,27.53,0.0,Fair,2018-07-06
1:00,111,25,5,NNE,7,0,27.50,0.0,Fair,2018-07-06
2:00,111,25,5,ENE,5,0,27.50,0.0,Fair,2018-07-06
3:00,111,28,6,ENE,7,0,27.48,0.0,Fair,2018-07-06
4:00,113,27,5,N,12,0,27.48,0.0,Fair,2018-07-06
5:00,111,25,5,NNE,10,0,27.48,0.0,Fair,2018-07-06
6:00,109,27,6,NE,10,0,27.48,0.0,Fair,2018-07-06
7:00,106,25,6,ENE,7,0,27.50,0.0,Fair,2018-07-06
8:00,102,27,7,ENE,7,0,27.53,0.0,Fair,2018-07-06
9:00,100,25,7,E,7,0,27.53,0.0,Fair,2018-07-06
10:00,99,23,7,ESE,6,0,27.56,0.0,Fair,2018-07-06
11:00,95,25,8,SSE,3,0,27.56,0.0,Fair,2018-07-06
12:00,93,23,8,SSE,2,0,27.53,0.0,Fair,2018-07-07
1:00,90,25,10,CALM,0,0,27.53,0.0,Fair,2018-07-07
2:00,88,28,12,SSE,2,0,27.53,0.0,Fair,2018-07-07
3:00,88,25,10,E,3,0,27.53,0.0,Fair,2018-07-07
4:00,86,25,11,CALM,0,0,27.53,0.0,Fair,2018-07-07
5:00,84,25,11,SSE,2,0,27.56,0.0,Fair,2018-07-07
6:00,84,25,11,W,3,0,27.56,0.0,Fair,2018-07-07
7:00,88,25,10,WNW,5,0,27.56,0.0,Fair,2018-07-07
8:00,95,25,8,NNW,3,0,27.59,0.0,Fair,2018-07-07
9:00,104,27,7,N,5,0,27.59,0.0,Fair,2018-07-07
10:00,104,32,8,CALM,0,0,27.59,0.0,Fair,2018-07-07
11:00,108,30,7,NE,3,0,27.59,0.0,Fair,2018-07-07
12:00,109,23,5,NE,3,0,27.56,0.0,Fair,2018-07-07
1:00,109,23,5,E,9,0,27.56,0.0,Fair,2018-07-07
2:00,111,25,5,N,5,0,27.53,0.0,Fair,2018-07-07
3:00,111,19,4,NNE,13,0,27.53,0.0,Fair,2018-07-07
4:00,111,19,4,NNE,12,0,27.53,0.0,Fair,2018-07-07
5:00,109,23,5,ENE,9,0,27.50,0.0,Fair,2018-07-07
6:00,108,23,5,E,8,0,27.53,0.0,Fair,2018-07-07
7:00,104,19,5,ENE,6,0,27.53,0.0,Fair,2018-07-07
8:00,100,21,6,ENE,3,0,27.56,0.0,Fair,2018-07-07
9:00,99,19,6,ENE,6,0,27.56,0.0,Fair,2018-07-07
10:00,97,23,7,ENE,6,0,27.59,0.0,Fair,2018-07-07
11:00,91,27,10,CALM,0,0,27.59,0.0,Fair,2018-07-07
12:00,91,27,10,CALM,0,0,27.59,0.0,Fair,2018-07-08
1:00,90,25,10,WSW,2,0,27.56,0.0,Fair,2018-07-08
2:00,86,25,11,CALM,0,0,27.56,0.0,Fair,2018-07-08
3:00,84,32,15,E,2,0,27.56,0.0,Fair,2018-07-08
4:00,86,32,14,CALM,0,0,27.59,0.0,Fair,2018-07-08
5:00,84,28,13,W,2,0,27.59,0.0,Fair,2018-07-08
6:00,86,36,17,W,6,0,27.61,0.0,Fair,2018-07-08
7:00,91,34,13,N,2,0,27.61,0.0,Fair,2018-07-08
8:00,93,37,14,E,2,0,27.64,0.0,Fair,2018-07-08
9:00,100,39,12,N,9,0,27.64,0.0,Fair,2018-07-08
10:00,104,46,14,NE,3,0,27.64,0.0,Fair,2018-07-08
11:00,108,41,10,NNE,7,0,27.64,0.0,Fair,2018-07-08
12:00,108,37,9,NE,8,0,27.61,0.0,Fair,2018-07-08
1:00,109,34,7,NNE,8,0,27.61,0.0,Fair,2018-07-08
2:00,111,34,7,NNE,9,0,27.59,0.0,Fair,2018-07-08
3:00,111,30,6,N,9,0,27.59,0.0,Fair,2018-07-08
4:00,111,28,6,ENE,6,0,27.56,0.0,Fair,2018-07-08
5:00,109,28,6,ESE,8,0,27.56,0.0,Fair,2018-07-08
6:00,109,27,6,NNE,6,0,27.56,0.0,Fair,2018-07-08
7:00,104,28,7,NE,5,0,27.59,0.0,Fair,2018-07-08
8:00,100,28,8,NE,3,0,27.59,0.0,Fair,2018-07-08
9:00,99,28,8,ENE,5,0,27.61,0.0,Fair,2018-07-08
10:00,97,28,9,NE,3,0,27.61,0.0,Fair,2018-07-08
11:00,95,27,9,E,3,0,27.61,0.0,Fair,2018-07-08
12:00,91,25,9,NNE,3,0,27.61,0.0,Fair,2018-07-09
1:00,90,27,10,WNW,5,0,27.61,0.0,Fair,2018-07-09
2:00,88,25,10,WNW,5,0,27.59,0.0,Fair,2018-07-09
3:00,93,30,11,WNW,9,0,27.61,0.0,Fair,2018-07-09
4:00,90,30,12,W,3,0,27.61,0.0,Fair,2018-07-09
5:00,86,30,13,WNW,5,0,27.61,0.0,Fair,2018-07-09
6:00,86,30,13,WNW,6,0,27.64,0.0,Fair,2018-07-09
7:00,90,34,14,WNW,3,0,27.67,0.0,Fair,2018-07-09
8:00,97,37,13,NW,6,0,27.67,0.0,Fair,2018-07-09
9:00,104,36,9,NNW,7,0,27.67,0.0,Fair,2018-07-09
10:00,106,36,9,N,10,0,27.67,0.0,Fair,2018-07-09
11:00,108,34,8,NNE,10,0,27.67,0.0,Fair,2018-07-09
12:00,108,30,7,NNE,12,0,27.64,0.0,Fair,2018-07-09
1:00,111,27,5,NNE,8,0,27.61,0.0,Fair,2018-07-09
2:00,113,27,5,N,10,0,27.61,0.0,Fair,2018-07-09
3:00,113,30,6,N,14,0,27.59,0.0,Fair,2018-07-09
4:00,111,27,5,N,16,0,27.59,0.0,Fair,2018-07-09
5:00,109,25,5,NNE,16,0,27.59,0.0,Fair,2018-07-09
6:00,109,28,6,N,14,0,27.59,0.0,Fair,2018-07-09
7:00,108,30,7,NNE,13,0,27.59,0.0,Fair,2018-07-09
8:00,102,27,7,N,8,0,27.61,0.0,Fair,2018-07-09
9:00,102,30,8,N,8,0,27.61,0.0,Fair,2018-07-09
10:00,100,28,8,NNW,9,0,27.61,0.0,Fair,2018-07-09
11:00,99,30,9,NNW,8,0,27.61,0.0,Fair,2018-07-09
12:00,95,30,10,NW,6,0,27.61,0.0,Fair,2018-07-10
1:00,91,30,11,WNW,6,0,27.61,0.0,Fair,2018-07-10
2:00,90,28,11,WNW,6,0,27.61,0.0,Fair,2018-07-10
3:00,90,30,12,WNW,7,0,27.61,0.0,Fair,2018-07-10
4:00,86,30,13,W,7,0,27.59,0.0,Fair,2018-07-10
5:00,82,28,14,NW,3,0,27.61,0.0,Fair,2018-07-10
6:00,84,30,14,WNW,3,0,27.61,0.0,Fair,2018-07-10
7:00,90,32,13,NW,5,0,27.64,0.0,Fair,2018-07-10
8:00,97,32,10,NW,9,0,27.64,0.0,Fair,2018-07-10
9:00,102,34,9,NNW,9,0,27.64,0.0,Fair,2018-07-10
10:00,104,32,8,N,15,0,27.64,0.0,Fair,2018-07-10
11:00,106,32,8,N,15,0,27.61,0.0,Fair,2018-07-10
12:00,109,32,7,NNW,17,0,27.59,0.0,Fair,2018-07-10
1:00,111,30,6,N,21,0,27.56,0.0,Fair,2018-07-10
1:34,111,27,5,N,23,35,27.56,0.0,Blowing,2018-07-10
2:00,113,27,5,N,24,0,27.53,0.0,Blowing,2018-07-10
3:00,111,25,5,N,24,0,27.53,0.0,Blowing,2018-07-10
4:00,111,28,6,N,24,0,27.53,0.0,Blowing,2018-07-10
5:00,109,27,6,N,25,0,27.53,0.0,Blowing,2018-07-10
6:00,108,27,6,N,23,0,27.53,0.0,Blowing,2018-07-10
7:00,106,28,7,N,22,0,27.56,0.0,Blowing,2018-07-10
8:00,104,28,7,N,18,0,27.56,0.0,Blowing,2018-07-10
9:00,104,28,7,N,18,0,27.59,0.0,Blowing,2018-07-10
10:00,102,27,7,N,15,0,27.59,0.0,Blowing,2018-07-10
11:00,100,28,8,NNW,12,0,27.59,0.0,Widespread,2018-07-10
12:00,0,0,0,NNW,14,0,27.59,0.0,Widespread,2018-07-11
1:00,95,28,9,NW,12,0,27.56,0.0,Widespread,2018-07-11
2:00,95,30,10,NNW,10,0,27.56,0.0,Widespread,2018-07-11
3:00,93,28,10,NNW,8,0,27.56,0.0,Widespread,2018-07-11
4:00,90,28,11,WNW,7,0,27.56,0.0,Widespread,2018-07-11
5:00,91,30,11,NNW,8,0,27.59,0.0,Widespread,2018-07-11
6:00,91,28,10,N,12,0,27.59,0.0,Widespread,2018-07-11
7:00,93,30,11,E,14,0,27.61,0.0,Widespread,2018-07-11
8:00,95,30,10,W,8,0,27.61,0.0,Widespread,2018-07-11
9:00,100,30,9,N,20,0,27.61,0.0,Fair,2018-07-11
10:00,104,30,8,N,17,0,27.61,0.0,Fair,2018-07-11
11:00,106,28,7,N,16,0,27.59,0.0,Fair,2018-07-11
12:00,108,27,6,N,13,0,27.56,0.0,Fair,2018-07-11
1:00,111,25,5,N,13,0,27.53,0.0,Fair,2018-07-11
2:00,111,19,4,N,13,0,27.53,0.0,Fair,2018-07-11
3:00,111,25,5,NNE,15,0,27.53,0.0,Fair,2018-07-11
4:00,111,19,4,N,15,0,27.50,0.0,Blowing,2018-07-11
5:00,109,19,4,N,17,0,27.50,0.0,Fair,2018-07-11
6:00,108,18,4,N,16,0,27.50,0.0,Blowing,2018-07-11
7:00,106,21,5,N,14,0,27.53,0.0,Blowing,2018-07-11
8:00,104,19,5,N,12,0,27.53,0.0,Widespread,2018-07-11
9:00,102,23,6,NNW,9,0,27.56,0.0,Widespread,2018-07-11
10:00,100,21,6,NNW,10,0,27.56,0.0,Widespread,2018-07-11
11:00,99,23,7,NW,13,0,27.56,0.0,Widespread,2018-07-11
12:00,97,23,7,NNW,13,0,27.56,0.0,Widespread,2018-07-12
1:00,97,23,7,NNW,12,0,27.53,0.0,Widespread,2018-07-12
2:00,97,27,8,NNW,12,0,27.53,0.0,Widespread,2018-07-12
3:00,95,27,9,NW,9,0,27.53,0.0,Widespread,2018-07-12
4:00,93,25,9,NNW,9,0,27.53,0.0,Widespread,2018-07-12
5:00,93,27,9,N,13,0,27.56,0.0,Widespread,2018-07-12
6:00,88,27,11,NW,10,0,27.56,0.0,Widespread,2018-07-12
7:00,91,28,10,NW,8,0,27.56,0.0,Widespread,2018-07-12
8:00,97,32,10,NNW,12,0,27.56,0.0,Widespread,2018-07-12
9:00,102,32,9,N,23,0,27.56,0.0,Fair,2018-07-12
10:00,106,32,8,N,18,0,27.56,0.0,Fair,2018-07-12
11:00,108,30,7,N,16,0,27.56,0.0,Fair,2018-07-12
12:00,111,28,6,N,14,0,27.53,0.0,Fair,2018-07-12
1:00,111,30,6,N,12,0,27.50,0.0,Fair,2018-07-12
2:00,115,27,5,NNW,14,0,27.50,0.0,Fair,2018-07-12
3:00,113,27,5,NNW,14,0,27.48,0.0,Fair,2018-07-12
4:00,113,27,5,NNW,16,0,27.48,0.0,Blowing,2018-07-12
5:00,111,28,6,N,15,0,27.48,0.0,Blowing,2018-07-12
6:00,109,28,6,N,17,0,27.48,0.0,Blowing,2018-07-12
6:25,108,27,6,N,17,0,27.48,0.0,Blowing,2018-07-12
7:00,106,27,6,N,14,0,27.48,0.0,Blowing,2018-07-12
8:00,0,0,0,NNW,13,0,27.50,0.0,Fair,2018-07-12
9:00,102,23,6,NNW,13,0,27.53,0.0,Fair,2018-07-12
10:00,100,23,6,NNW,14,0,27.53,0.0,Fair,2018-07-12
11:00,97,23,7,NW,10,0,27.53,0.0,Fair,2018-07-12
12:00,97,23,7,NNW,12,0,27.53,0.0,Fair,2018-07-13
1:00,95,21,7,NNW,6,0,27.53,0.0,Fair,2018-07-13
2:00,95,25,8,NNW,9,0,27.50,0.0,Fair,2018-07-13
3:00,95,25,8,N,10,0,27.50,0.0,Fair,2018-07-13
4:00,93,27,9,NNW,9,0,27.50,0.0,Fair,2018-07-13
5:00,90,27,10,NW,8,0,27.50,0.0,Fair,2018-07-13
6:00,88,27,11,NW,6,0,27.53,0.0,Fair,2018-07-13
7:00,91,28,10,NW,10,0,27.53,0.0,Fair,2018-07-13
8:00,97,32,10,N,12,0,27.53,0.0,Fair,2018-07-13
9:00,100,34,10,NNE,18,0,27.53,0.0,Fair,2018-07-13
10:00,104,32,8,N,17,0,27.53,0.0,Fair,2018-07-13
11:00,106,30,7,N,17,0,27.53,0.0,Fair,2018-07-13
12:00,109,25,5,N,17,0,27.53,0.0,Fair,2018-07-13
1:00,111,28,6,N,17,0,27.50,0.0,Fair,2018-07-13
2:00,113,27,5,N,17,0,27.50,0.0,Fair,2018-07-13
3:00,113,25,5,N,17,0,27.48,0.0,Fair,2018-07-13
4:00,109,25,5,N,20,0,27.48,0.0,Fair,2018-07-13
5:00,109,28,6,N,21,0,27.48,0.0,Fair,2018-07-13
6:00,108,30,7,N,17,0,27.48,0.0,Fair,2018-07-13
7:00,106,28,7,N,16,0,27.50,0.0,Fair,2018-07-13
8:00,102,30,8,N,8,0,27.50,0.0,Fair,2018-07-13
9:00,100,28,8,N,7,0,27.53,0.0,Fair,2018-07-13
10:00,97,30,10,WNW,5,0,27.53,0.0,Fair,2018-07-13
11:00,95,30,10,WNW,6,0,27.53,0.0,Fair,2018-07-13
12:00,93,32,11,NW,7,0,27.53,0.0,Fair,2018-07-14
1:00,93,34,12,N,3,0,27.50,0.0,Fair,2018-07-14
2:00,93,32,11,CALM,0,0,27.50,0.0,Fair,2018-07-14
3:00,90,30,12,CALM,0,0,27.50,0.0,Fair,2018-07-14
4:00,91,32,12,NE,5,0,27.48,0.0,Fair,2018-07-14
5:00,90,32,13,WNW,6,0,27.50,0.0,Fair,2018-07-14
6:00,88,30,13,NW,6,0,27.53,0.0,Fair,2018-07-14
7:00,90,32,13,NW,5,0,27.53,0.0,Fair,2018-07-14
8:00,97,34,11,W,3,0,27.56,0.0,Fair,2018-07-14
10:00,102,36,10,W,3,0,27.56,0.0,Fair,2018-07-14
11:00,106,36,9,ENE,3,0,27.56,0.0,Fair,2018-07-14
12:00,108,34,8,S,3,0,27.56,0.0,Fair,2018-07-14
1:00,109,34,7,WNW,3,0,27.53,0.0,Fair,2018-07-14
2:00,109,34,7,SE,3,0,27.53,0.0,Fair,2018-07-14
3:00,111,32,7,NNE,5,0,27.50,0.0,Fair,2018-07-14
4:00,111,32,7,CALM,0,0,27.50,0.0,Fair,2018-07-14
5:00,111,32,7,SW,5,0,27.50,0.0,Fair,2018-07-14
6:00,108,32,7,NNW,2,0,27.50,0.0,Fair,2018-07-14
7:00,102,37,11,CALM,0,0,27.50,0.0,Fair,2018-07-14
8:00,99,39,13,ENE,2,0,27.50,0.0,Fair,2018-07-14
9:00,97,37,13,ENE,2,0,27.50,0.0,Fair,2018-07-14
10:00,97,37,13,ENE,2,0,27.53,0.0,Fair,2018-07-14
11:00,95,34,12,CALM,0,0,27.53,0.0,Fair,2018-07-14
12:00,97,34,11,CALM,0,0,27.53,0.0,Fair,2018-07-15
1:00,95,34,12,SW,2,0,27.50,0.0,Fair,2018-07-15
2:00,93,34,12,SSE,2,0,27.50,0.0,Fair,2018-07-15
3:00,90,32,13,ESE,2,0,27.50,0.0,Fair,2018-07-15
4:00,88,37,17,SE,2,0,27.50,0.0,Fair,2018-07-15
5:00,90,32,13,NNW,3,0,27.53,0.0,Partly,2018-07-15
6:00,90,36,15,CALM,0,0,27.53,0.0,Partly,2018-07-15
7:00,91,36,14,E,2,0,27.53,0.0,Fair,2018-07-15
8:00,99,36,11,NNW,7,0,27.56,0.0,Fair,2018-07-15
9:00,102,32,9,N,8,0,27.56,0.0,Fair,2018-07-15
10:00,106,36,9,N,5,0,27.56,0.0,Fair,2018-07-15
11:00,108,34,8,W,3,0,27.56,0.0,Fair,2018-07-15
12:00,108,34,8,SE,6,0,27.53,0.0,Fair,2018-07-15
1:00,109,36,8,S,7,0,27.53,0.0,Fair,2018-07-15
2:00,111,34,7,SE,6,0,27.50,0.0,Fair,2018-07-15
3:00,113,30,6,NNE,6,0,27.50,0.0,Fair,2018-07-15
4:00,111,34,7,SSE,3,0,27.48,0.0,Fair,2018-07-15
5:00,113,30,6,NNW,7,0,27.48,0.0,Fair,2018-07-15
6:00,109,34,7,N,6,0,27.48,0.0,Partly,2018-07-15
7:00,108,32,7,NNW,6,0,27.50,0.0,Partly,2018-07-15
8:00,104,32,8,N,8,0,27.50,0.0,Partly,2018-07-15
9:00,102,30,8,NNW,6,0,27.53,0.0,Fair,2018-07-15
10:00,99,30,9,WNW,6,0,27.53,0.0,Fair,2018-07-15
11:00,97,32,10,WNW,7,0,27.53,0.0,Fair,2018-07-15
12:00,97,30,10,NW,6,0,27.53,0.0,Fair,2018-07-16
1:00,93,32,11,CALM,0,0,27.53,0.0,Partly,2018-07-16
2:00,95,32,11,WNW,6,0,27.53,0.0,Partly,2018-07-16
3:00,93,32,11,WNW,6,0,27.53,0.0,Fair,2018-07-16
4:00,90,32,13,NW,7,0,27.53,0.0,Fair,2018-07-16
5:00,90,32,13,WNW,5,0,27.53,0.0,Fair,2018-07-16
6:00,88,32,14,W,3,0,27.56,0.0,Fair,2018-07-16
7:00,90,32,13,W,5,0,27.56,0.0,Fair,2018-07-16
8:00,97,32,10,NW,7,0,27.56,0.0,Fair,2018-07-16
9:00,99,34,10,NW,7,0,27.56,0.0,Fair,2018-07-16
10:00,104,36,9,NW,9,0,27.56,0.0,Fair,2018-07-16
11:00,106,36,9,NW,10,0,27.56,0.0,Fair,2018-07-16
12:00,106,32,8,WNW,15,0,27.53,0.0,Fair,2018-07-16
1:00,109,30,6,WNW,14,0,27.53,0.0,Fair,2018-07-16
2:00,111,32,7,N,15,0,27.50,0.0,Fair,2018-07-16
3:00,109,32,7,NW,15,0,27.50,0.0,Fair,2018-07-16
4:00,109,32,7,NW,14,0,27.48,0.0,Fair,2018-07-16
5:00,108,30,7,NW,17,0,27.50,0.0,Fair,2018-07-16
6:00,106,30,7,NNW,15,0,27.50,0.0,Fair,2018-07-16
7:00,102,30,8,NNW,12,0,27.50,0.0,Fair,2018-07-16
8:00,100,32,9,N,12,0,27.53,0.0,Fair,2018-07-16
9:00,97,32,10,N,8,0,27.53,0.0,Fair,2018-07-16
10:00,97,34,11,N,8,0,27.56,0.0,Fair,2018-07-16
11:00,93,32,11,NW,7,0,27.56,0.0,Fair,2018-07-16
12:00,91,32,12,WNW,6,0,27.56,0.0,Fair,2018-07-17
1:00,90,30,12,WNW,7,0,27.53,0.0,Fair,2018-07-17
2:00,86,30,13,WNW,7,0,27.53,0.0,Fair,2018-07-17
3:00,84,28,13,WNW,7,0,27.53,0.0,Fair,2018-07-17
4:00,84,30,14,WNW,3,0,27.53,0.0,Fair,2018-07-17
5:00,82,28,14,WNW,6,0,27.56,0.0,Fair,2018-07-17
6:00,82,30,15,WNW,6,0,27.56,0.0,Fair,2018-07-17
7:00,88,30,13,NW,7,0,27.59,0.0,Fair,2018-07-17
8:00,95,32,11,NNW,8,0,27.59,0.0,Fair,2018-07-17
9:00,97,34,11,N,10,0,27.59,0.0,Fair,2018-07-17
10:00,104,34,9,N,10,0,27.59,0.0,Fair,2018-07-17
11:00,104,34,9,NNE,9,0,27.56,0.0,Fair,2018-07-17
12:00,106,36,9,N,8,0,27.56,0.0,Fair,2018-07-17
1:00,108,34,8,N,9,0,27.53,0.0,Fair,2018-07-17
2:00,106,34,8,WNW,13,0,27.53,0.0,Fair,2018-07-17
3:00,109,34,7,NNW,7,0,27.53,0.0,Fair,2018-07-17
4:00,104,34,9,W,12,0,27.50,0.0,Fair,2018-07-17
5:00,106,32,8,NW,14,0,27.50,0.0,Fair,2018-07-17
6:00,104,30,8,NNW,10,0,27.50,0.0,Fair,2018-07-17
7:00,100,32,9,NNW,14,0,27.53,0.0,Fair,2018-07-17
8:00,99,32,10,NNW,10,0,27.53,0.0,Fair,2018-07-17
9:00,97,32,10,NW,9,0,27.56,0.0,Fair,2018-07-17
10:00,97,32,10,NNW,9,0,27.56,0.0,Fair,2018-07-17
11:00,93,30,11,WNW,6,0,27.56,0.0,Fair,2018-07-17
12:00,93,32,11,N,8,0,27.56,0.0,Fair,2018-07-18
1:00,90,30,12,WNW,7,0,27.56,0.0,Fair,2018-07-18
2:00,88,30,13,WNW,6,0,27.56,0.0,Fair,2018-07-18
3:00,86,30,13,WNW,5,0,27.53,0.0,Fair,2018-07-18
4:00,84,30,14,NW,5,0,27.53,0.0,Fair,2018-07-18
5:00,84,30,14,NW,6,0,27.56,0.0,Fair,2018-07-18
6:00,84,30,14,NW,8,0,27.59,0.0,Fair,2018-07-18
7:00,88,32,14,NW,10,0,27.59,0.0,Fair,2018-07-18
8:00,95,34,12,N,8,0,27.59,0.0,Fair,2018-07-18
9:00,97,34,11,N,10,0,27.59,0.0,Fair,2018-07-18
10:00,99,34,10,N,12,0,27.61,0.0,Fair,2018-07-18
11:00,102,34,9,NNW,12,0,27.59,0.0,Fair,2018-07-18
12:00,104,34,9,WNW,7,0,27.59,0.0,Fair,2018-07-18
1:00,106,32,8,NNW,10,0,27.56,0.0,Fair,2018-07-18
2:00,104,32,8,NW,13,0,27.56,0.0,Fair,2018-07-18
3:00,106,32,8,NNW,13,0,27.53,0.0,Fair,2018-07-18
4:00,106,32,8,WNW,14,0,27.53,0.0,Fair,2018-07-18
5:00,106,32,8,NW,16,0,27.53,0.0,Fair,2018-07-18
6:00,102,30,8,NW,14,0,27.56,0.0,Fair,2018-07-18
7:00,100,32,9,NW,8,0,27.56,0.0,Fair,2018-07-18
8:00,99,28,8,NNW,9,0,27.59,0.0,Fair,2018-07-18
9:00,97,30,10,WNW,9,0,27.59,0.0,Fair,2018-07-18
10:00,93,30,11,NNW,9,0,27.59,0.0,Fair,2018-07-18
11:00,91,30,11,NW,7,0,27.59,0.0,Fair,2018-07-18
12:00,90,30,12,NW,6,0,27.59,0.0,Fair,2018-07-19
1:00,90,30,12,WNW,3,0,27.59,0.0,Fair,2018-07-19
2:00,86,30,13,WNW,3,0,27.59,0.0,Fair,2018-07-19
3:00,82,28,14,CALM,0,0,27.59,0.0,Fair,2018-07-19
4:00,82,28,14,WNW,6,0,27.59,0.0,Fair,2018-07-19
5:00,82,28,14,WNW,6,0,27.61,0.0,Fair,2018-07-19
6:00,82,28,14,WNW,5,0,27.61,0.0,Fair,2018-07-19
7:00,86,30,13,S,2,0,27.61,0.0,Fair,2018-07-19
8:00,95,32,11,CALM,0,0,27.64,0.0,Fair,2018-07-19
9:00,99,32,10,CALM,0,0,27.64,0.0,Fair,2018-07-19
10:00,102,32,9,CALM,0,0,27.64,0.0,Fair,2018-07-19
11:00,104,30,8,N,6,0,27.64,0.0,Fair,2018-07-19
12:00,102,32,9,N,9,0,27.61,0.0,Fair,2018-07-19
1:00,104,30,8,WSW,6,0,27.61,0.0,Fair,2018-07-19
2:00,106,32,8,WNW,13,0,27.59,0.0,Fair,2018-07-19
3:00,106,32,8,W,13,0,27.56,0.0,Fair,2018-07-19
4:00,106,32,8,WNW,15,0,27.56,0.0,Fair,2018-07-19
5:00,104,32,8,WNW,12,0,27.56,0.0,Fair,2018-07-19
6:00,104,30,8,WNW,13,0,27.56,0.0,Fair,2018-07-19
7:00,100,28,8,NW,9,0,27.56,0.0,Fair,2018-07-19
8:00,99,27,8,NW,10,0,27.59,0.0,Fair,2018-07-19
9:00,97,25,8,NW,7,0,27.59,0.0,Fair,2018-07-19
10:00,93,27,9,WNW,6,0,27.61,0.0,Fair,2018-07-19
11:00,91,27,10,WNW,6,0,27.61,0.0,Fair,2018-07-19
12:00,90,27,10,WNW,7,0,27.59,0.0,Fair,2018-07-20
1:00,88,28,12,WNW,8,0,27.59,0.0,Fair,2018-07-20
2:00,86,30,13,WNW,7,0,27.56,0.0,Fair,2018-07-20
3:00,86,32,14,WNW,7,0,27.56,0.0,Fair,2018-07-20
4:00,84,30,14,WNW,7,0,27.59,0.0,Fair,2018-07-20
5:00,84,30,14,NW,8,0,27.59,0.0,Fair,2018-07-20
6:00,84,32,15,WNW,8,0,27.61,0.0,Fair,2018-07-20
7:00,86,32,14,WNW,6,0,27.61,0.0,Fair,2018-07-20
8:00,93,34,12,NW,7,0,27.61,0.0,Fair,2018-07-20
9:00,100,36,11,NW,8,0,27.61,0.0,Fair,2018-07-20
10:00,102,37,11,N,8,0,27.61,0.0,Fair,2018-07-20
11:00,106,36,9,NNW,13,0,27.61,0.0,Fair,2018-07-20
12:00,106,32,8,NW,10,22,27.61,0.0,Fair,2018-07-20
1:00,108,32,7,NNW,13,0,27.59,0.0,Fair,2018-07-20
2:00,106,34,8,WNW,14,0,27.56,0.0,Fair,2018-07-20
3:00,108,32,7,NNW,16,28,27.56,0.0,Fair,2018-07-20
4:00,108,34,8,NNW,13,0,27.53,0.0,Fair,2018-07-20
5:00,106,32,8,N,13,0,27.53,0.0,Fair,2018-07-20
6:00,104,34,9,N,14,0,27.56,0.0,Fair,2018-07-20
7:00,100,32,9,NNW,10,0,27.56,0.0,Fair,2018-07-20
8:00,99,34,10,N,12,0,27.56,0.0,Fair,2018-07-20
9:00,97,32,10,N,8,0,27.59,0.0,Fair,2018-07-20
10:00,97,34,11,N,8,0,27.59,0.0,Fair,2018-07-20
11:00,93,34,12,NNW,6,0,27.59,0.0,Fair,2018-07-20
12:00,90,34,14,WNW,6,0,27.59,0.0,Fair,2018-07-21
1:00,88,32,14,WNW,7,0,27.56,0.0,Fair,2018-07-21
2:00,86,32,14,WNW,3,0,27.56,0.0,Fair,2018-07-21
3:00,86,32,14,W,7,0,27.56,0.0,Fair,2018-07-21
4:00,84,32,15,WNW,6,0,27.59,0.0,Fair,2018-07-21
5:00,84,32,15,WNW,6,0,27.59,0.0,Fair,2018-07-21
6:00,84,32,15,WNW,8,0,27.61,0.0,Fair,2018-07-21
7:00,86,32,14,WNW,6,0,27.61,0.0,Fair,2018-07-21
8:00,95,32,11,NW,9,0,27.64,0.0,Fair,2018-07-21
9:00,99,34,10,NW,9,0,27.64,0.0,Fair,2018-07-21
10:00,100,32,9,N,10,0,27.61,0.0,Fair,2018-07-21
11:00,104,32,8,N,13,24,27.61,0.0,Fair,2018-07-21
12:00,106,30,7,N,14,0,27.61,0.0,Fair,2018-07-21
1:00,108,32,7,NNW,15,0,27.61,0.0,Fair,2018-07-21
2:00,108,28,6,NNW,13,0,27.59,0.0,Fair,2018-07-21
3:00,108,27,6,N,14,0,27.59,0.0,Fair,2018-07-21
4:00,108,30,7,NNW,14,0,27.56,0.0,Fair,2018-07-21
5:00,106,30,7,NNW,12,0,27.56,0.0,Fair,2018-07-21
6:00,104,28,7,NNW,15,0,27.56,0.0,Fair,2018-07-21
7:00,100,28,8,NNW,10,0,27.59,0.0,Fair,2018-07-21
8:00,99,30,9,NNW,8,0,27.61,0.0,Fair,2018-07-21
9:00,97,32,10,NNW,8,0,27.61,0.0,Fair,2018-07-21
10:00,95,30,10,NW,5,0,27.61,0.0,Fair,2018-07-21
11:00,91,30,11,W,5,0,27.61,0.0,Fair,2018-07-21
12:00,90,30,12,W,6,0,27.59,0.0,Fair,2018-07-22
1:00,88,28,12,WNW,6,0,27.59,0.0,Fair,2018-07-22
2:00,86,30,13,WNW,5,0,27.56,0.0,Fair,2018-07-22
3:00,86,30,13,W,5,0,27.56,0.0,Fair,2018-07-22
4:00,84,28,13,WNW,5,0,27.59,0.0,Fair,2018-07-22
5:00,84,28,13,CALM,0,0,27.59,0.0,Fair,2018-07-22
6:00,82,30,15,CALM,0,0,27.61,0.0,Fair,2018-07-22
7:00,88,32,14,NW,5,0,27.61,0.0,Fair,2018-07-22
8:00,95,34,12,NW,7,0,27.64,0.0,Fair,2018-07-22
9:00,99,37,12,N,7,0,27.64,0.0,Fair,2018-07-22
10:00,102,37,11,N,8,0,27.64,0.0,Fair,2018-07-22
11:00,102,37,11,N,7,0,27.61,0.0,Fair,2018-07-22
12:00,104,36,9,ENE,7,0,27.61,0.0,Fair,2018-07-22
1:00,104,34,9,W,8,0,27.59,0.0,Fair,2018-07-22
2:00,106,36,9,WNW,5,0,27.59,0.0,Fair,2018-07-22
3:00,108,34,8,W,7,0,27.56,0.0,Fair,2018-07-22
4:00,109,34,7,NNW,8,0,27.56,0.0,Fair,2018-07-22
5:00,106,34,8,N,6,0,27.56,0.0,Fair,2018-07-22
6:00,104,34,9,NE,5,0,27.53,0.0,Fair,2018-07-22
7:00,102,34,9,NNE,6,0,27.56,0.0,Fair,2018-07-22
8:00,100,34,10,NNE,5,0,27.56,0.0,Fair,2018-07-22
9:00,97,34,11,NNE,9,0,27.59,0.0,Fair,2018-07-22
10:00,95,34,12,NNE,5,0,27.59,0.0,Fair,2018-07-22
11:00,91,34,13,SSE,2,0,27.59,0.0,Fair,2018-07-22
12:00,88,34,15,CALM,0,0,27.56,0.0,Fair,2018-07-23
1:00,86,34,15,NNW,2,0,27.56,0.0,Fair,2018-07-23
2:00,86,30,13,CALM,0,0,27.56,0.0,Fair,2018-07-23
3:00,86,34,15,SSW,5,0,27.56,0.0,Fair,2018-07-23
4:00,84,32,15,WNW,2,0,27.56,0.0,Fair,2018-07-23
5:00,82,32,16,NW,2,0,27.56,0.0,Fair,2018-07-23
6:00,82,32,16,NNW,2,0,27.59,0.0,Fair,2018-07-23
7:00,88,34,15,WNW,2,0,27.59,0.0,Fair,2018-07-23
8:00,93,36,13,WSW,2,0,27.59,0.0,Fair,2018-07-23
9:00,99,36,11,WNW,7,0,27.61,0.0,Fair,2018-07-23
10:00,102,36,10,ESE,2,0,27.59,0.0,Fair,2018-07-23
11:00,104,34,9,SE,2,0,27.59,0.0,Fair,2018-07-23
12:00,106,36,9,WSW,5,0,27.56,0.0,Fair,2018-07-23
1:00,106,36,9,SSW,5,0,27.56,0.0,Fair,2018-07-23
2:00,106,36,9,S,8,0,27.53,0.0,Fair,2018-07-23
3:00,108,34,8,SW,6,0,27.53,0.0,Fair,2018-07-23
4:00,106,34,8,SW,9,0,27.50,0.0,Fair,2018-07-23
5:00,106,34,8,W,6,0,27.50,0.0,Fair,2018-07-23
6:00,106,32,8,WNW,5,0,27.50,0.0,Fair,2018-07-23
7:00,104,32,8,W,5,0,27.50,0.0,Fair,2018-07-23
8:00,100,30,9,WNW,5,0,27.50,0.0,Fair,2018-07-23
9:00,99,32,10,WNW,6,0,27.53,0.0,Fair,2018-07-23
10:00,97,30,10,NNE,8,0,27.56,0.0,Fair,2018-07-23
11:00,95,30,10,NNE,9,0,27.56,0.0,Fair,2018-07-23
12:00,93,32,11,N,7,0,27.56,0.0,Fair,2018-07-24
1:00,91,34,13,N,7,0,27.56,0.0,Fair,2018-07-24
2:00,90,32,13,NNW,7,0,27.56,0.0,Fair,2018-07-24
3:00,90,34,14,N,5,0,27.56,0.0,Fair,2018-07-24
4:00,84,32,15,NNW,2,0,27.56,0.0,Fair,2018-07-24
5:00,84,34,16,CALM,0,0,27.56,0.0,Fair,2018-07-24
6:00,84,34,16,SW,2,0,27.59,0.0,Fair,2018-07-24
7:00,88,36,16,CALM,0,0,27.59,0.0,Fair,2018-07-24
8:00,97,36,12,CALM,0,0,27.61,0.0,Fair,2018-07-24
9:00,97,36,12,WNW,10,0,27.64,0.0,Fair,2018-07-24
10:00,100,36,11,WNW,5,0,27.64,0.0,Fair,2018-07-24
11:00,102,36,10,NNE,7,0,27.61,0.0,Fair,2018-07-24
12:00,102,36,10,NE,5,0,27.61,0.0,Fair,2018-07-24
1:00,108,36,8,N,3,0,27.59,0.0,Fair,2018-07-24
2:00,108,34,8,NNW,5,0,27.59,0.0,Fair,2018-07-24
3:00,108,34,8,NNW,3,0,27.56,0.0,Fair,2018-07-24
4:00,106,32,8,W,7,0,27.56,0.0,Fair,2018-07-24
5:00,108,34,8,NW,2,0,27.56,0.0,Fair,2018-07-24
6:00,104,32,8,NNW,6,0,27.56,0.0,Fair,2018-07-24
7:00,102,32,9,NNE,6,0,27.56,0.0,Fair,2018-07-24
8:00,97,36,12,NNE,3,0,27.59,0.0,Fair,2018-07-24
9:00,97,32,10,NNE,5,0,27.61,0.0,Fair,2018-07-24
10:00,95,30,10,N,5,0,27.61,0.0,Fair,2018-07-24
11:00,93,32,11,NNW,6,0,27.61,0.0,Fair,2018-07-24
12:00,95,32,11,NNW,8,0,27.61,0.0,Fair,2018-07-25
1:00,90,34,14,NNE,2,0,27.61,0.0,Fair,2018-07-25
2:00,88,32,14,S,2,0,27.59,0.0,Fair,2018-07-25
3:00,86,32,14,CALM,0,0,27.59,0.0,Fair,2018-07-25
4:00,84,34,16,CALM,0,0,27.59,0.0,Fair,2018-07-25
5:00,82,32,16,CALM,0,0,27.61,0.0,Fair,2018-07-25
6:00,84,32,15,W,3,0,27.64,0.0,Fair,2018-07-25
7:00,88,32,14,WNW,3,0,27.64,0.0,Fair,2018-07-25
8:00,97,34,11,NNW,2,0,27.67,0.0,Fair,2018-07-25
9:00,97,34,11,NNE,6,0,27.67,0.0,Fair,2018-07-25
10:00,102,34,9,NE,5,0,27.67,0.0,Fair,2018-07-25
11:00,102,32,9,NE,5,0,27.67,0.0,Fair,2018-07-25
12:00,106,32,8,N,10,0,27.64,0.0,Fair,2018-07-25
1:00,108,32,7,NNW,9,0,27.61,0.0,Fair,2018-07-25
2:00,106,32,8,W,12,0,27.61,0.0,Fair,2018-07-25
3:00,108,34,8,NNW,7,0,27.59,0.0,Fair,2018-07-25
4:00,108,32,7,NW,10,0,27.59,0.0,Fair,2018-07-25
5:00,106,32,8,N,9,0,27.59,0.0,Fair,2018-07-25
6:00,104,34,9,N,10,0,27.59,0.0,Fair,2018-07-25
7:00,102,32,9,N,8,0,27.59,0.0,Fair,2018-07-25
8:00,100,34,10,N,8,0,27.61,0.0,Fair,2018-07-25
9:00,97,34,11,N,7,0,27.61,0.0,Fair,2018-07-25
10:00,95,34,12,N,6,0,27.64,0.0,Fair,2018-07-25
11:00,91,34,13,NW,2,0,27.64,0.0,Fair,2018-07-25
12:00,90,32,13,WNW,5,0,27.61,0.0,Fair,2018-07-26
1:00,90,32,13,W,6,0,27.61,0.0,Fair,2018-07-26
2:00,90,34,14,W,7,0,27.61,0.0,Fair,2018-07-26
3:00,86,34,15,NW,6,0,27.61,0.0,Fair,2018-07-26
4:00,86,32,14,W,3,0,27.61,0.0,Fair,2018-07-26
5:00,84,32,15,NW,7,0,27.61,0.0,Fair,2018-07-26
6:00,84,30,14,NW,6,0,27.64,0.0,Fair,2018-07-26
7:00,90,30,12,NW,6,0,27.67,0.0,Fair,2018-07-26
8:00,95,30,10,NW,12,0,27.67,0.0,Fair,2018-07-26
9:00,100,32,9,N,10,0,27.67,0.0,Fair,2018-07-26
10:00,104,34,9,N,14,0,27.67,0.0,Fair,2018-07-26
11:00,106,32,8,NNW,16,0,27.67,0.0,Fair,2018-07-26
12:00,106,32,8,NNW,13,0,27.67,0.0,Fair,2018-07-26
1:00,106,34,8,NW,15,0,27.64,0.0,Fair,2018-07-26
2:00,108,30,7,NW,14,0,27.61,0.0,Fair,2018-07-26
3:00,108,34,8,NW,17,0,27.61,0.0,Fair,2018-07-26
4:00,106,36,9,N,15,0,27.61,0.0,Fair,2018-07-26
5:00,106,34,8,NNW,15,0,27.61,0.0,Fair,2018-07-26
6:00,104,36,9,NW,16,0,27.61,0.0,Fair,2018-07-26
7:00,102,34,9,NNW,14,0,27.61,0.0,Fair,2018-07-26
8:00,100,32,9,NNW,14,0,27.61,0.0,Fair,2018-07-26
9:00,100,32,9,NNW,14,0,27.64,0.0,Blowing,2018-07-26
10:00,102,32,9,N,16,0,27.64,0.0,Blowing,2018-07-26
11:00,100,28,8,NNW,17,0,27.64,0.0,Blowing,2018-07-26
12:00,100,28,8,N,17,0,27.64,0.0,Blowing,2018-07-27
1:00,100,28,8,NNW,16,0,27.64,0.0,Blowing,2018-07-27
2:00,99,30,9,N,16,0,27.64,0.0,Blowing,2018-07-27
3:00,97,32,10,N,16,0,27.64,0.0,Blowing,2018-07-27
4:00,97,32,10,NNW,15,0,27.64,0.0,Blowing,2018-07-27
5:00,95,32,11,NNW,15,0,27.64,0.0,Blowing,2018-07-27
6:00,91,32,12,NW,10,0,27.67,0.0,Widespread,2018-07-27
7:00,93,30,11,NW,13,0,27.67,0.0,Widespread,2018-07-27
8:00,95,34,12,NNW,16,0,27.67,0.0,Widespread,2018-07-27
9:00,99,32,10,NNW,20,0,27.67,0.0,Blowing,2018-07-27
10:00,102,34,9,N,29,0,27.64,0.0,Duststorm,2018-07-27
10:40,104,34,9,N,28,0,27.64,0.0,Duststorm,2018-07-27
11:00,104,34,9,N,28,39,27.64,0.0,Duststorm,2018-07-27
12:00,106,32,8,N,29,0,27.61,0.0,Duststorm,2018-07-27
1:00,106,30,7,N,28,0,27.59,0.0,Duststorm,2018-07-27
2:00,108,30,7,N,29,0,27.59,0.0,Duststorm,2018-07-27
3:00,108,30,7,NNW,26,0,27.56,0.0,Duststorm,2018-07-27
4:00,106,30,7,N,26,0,27.56,0.0,Duststorm,2018-07-27
5:00,106,28,7,N,25,0,27.56,0.0,Duststorm,2018-07-27
6:00,104,28,7,N,25,0,27.56,0.0,Duststorm,2018-07-27
7:00,104,28,7,N,25,0,27.56,0.0,Duststorm,2018-07-27
8:00,102,27,7,N,26,0,27.59,0.0,Duststorm,2018-07-27
9:00,102,30,8,N,22,0,27.59,0.0,Blowing,2018-07-27
10:00,102,30,8,N,24,0,27.61,0.0,Blowing,2018-07-27
11:00,100,32,9,N,18,0,27.59,0.0,Widespread,2018-07-27
12:00,99,30,9,N,17,0,27.59,0.0,Blowing,2018-07-28
1:00,97,32,10,NNW,12,0,27.59,0.0,Widespread,2018-07-28
2:00,95,32,11,NW,9,0,27.59,0.0,Widespread,2018-07-28
3:00,93,32,11,NW,10,0,27.59,0.0,Widespread,2018-07-28
4:00,91,32,12,NW,10,0,27.59,0.0,Widespread,2018-07-28
5:00,90,32,13,NW,10,0,27.59,0.0,Widespread,2018-07-28
6:00,90,34,14,NW,10,0,27.59,0.0,Widespread,2018-07-28
7:00,91,34,13,NW,13,0,27.59,0.0,Widespread,2018-07-28
8:00,95,34,12,NNW,13,0,27.59,0.0,Widespread,2018-07-28
9:00,99,34,10,NNW,16,0,27.61,0.0,Fair,2018-07-28
10:00,100,32,9,N,20,0,27.59,0.0,Fair,2018-07-28
10:29,106,28,7,NNW,23,0,27.59,0.0,Blowing,2018-07-28
11:00,106,28,7,N,22,0,27.59,0.0,Blowing,2018-07-28
12:00,106,30,7,N,22,0,27.56,0.0,Blowing,2018-07-28
1:00,109,28,6,N,17,0,27.56,0.0,Blowing,2018-07-28
1:34,109,27,6,N,25,37,27.53,0.0,Blowing,2018-07-28
2:00,109,28,6,N,22,0,27.53,0.0,Blowing,2018-07-28
3:00,109,28,6,NNW,22,0,27.53,0.0,Blowing,2018-07-28
3:40,108,30,7,N,25,0,27.53,0.0,Blowing,2018-07-28
4:00,106,30,7,NNW,21,0,27.53,0.0,Blowing,2018-07-28
5:00,106,28,7,NNW,21,0,27.53,0.0,Blowing,2018-07-28
6:00,104,30,8,N,22,0,27.53,0.0,Blowing,2018-07-28
7:00,102,30,8,N,18,0,27.56,0.0,Blowing,2018-07-28
7:16,102,30,8,N,16,0,27.56,0.0,Blowing,2018-07-28
8:00,100,28,8,N,16,0,27.56,0.0,Blowing,2018-07-28
9:00,99,30,9,N,10,0,27.59,0.0,Widespread,2018-07-28
10:00,97,28,9,N,10,0,27.59,0.0,Widespread,2018-07-28
11:00,97,30,10,N,10,0,27.59,0.0,Widespread,2018-07-28
12:00,93,28,10,NNW,8,0,27.59,0.0,Widespread,2018-07-29
1:00,90,28,11,WNW,5,0,27.59,0.0,Widespread,2018-07-29
2:00,88,28,12,WNW,7,0,27.59,0.0,Widespread,2018-07-29
3:00,88,28,12,NW,7,0,27.56,0.0,Widespread,2018-07-29
4:00,86,30,13,WNW,6,0,27.59,0.0,Widespread,2018-07-29
5:00,86,32,14,NW,5,0,27.59,0.0,Widespread,2018-07-29
6:00,84,32,15,WNW,5,0,27.59,0.0,Widespread,2018-07-29
7:00,84,32,15,WNW,6,0,27.59,0.0,Widespread,2018-07-29
8:00,91,32,12,NW,10,0,27.61,0.0,Fair,2018-07-29
9:00,97,36,12,NW,13,0,27.61,0.0,Fair,2018-07-29
10:00,100,39,12,NNW,13,0,27.61,0.0,Fair,2018-07-29
11:00,104,37,10,NNW,15,0,27.61,0.0,Fair,2018-07-29
12:00,104,34,9,NNW,16,0,27.61,0.0,Fair,2018-07-29
1:00,108,28,6,NNW,14,0,27.59,0.0,Fair,2018-07-29
2:00,108,30,7,NNW,15,0,27.56,0.0,Fair,2018-07-29
3:00,108,27,6,N,16,0,27.56,0.0,Fair,2018-07-29
4:00,109,27,6,NNW,15,0,27.53,0.0,Fair,2018-07-29
5:00,108,27,6,N,17,0,27.53,0.0,Fair,2018-07-29
6:00,104,28,7,N,15,0,27.56,0.0,Fair,2018-07-29
7:00,102,30,8,N,13,0,27.56,0.0,Fair,2018-07-29
8:00,99,27,8,N,8,0,27.59,0.0,Fair,2018-07-29
9:00,97,28,9,N,6,0,27.59,0.0,Fair,2018-07-29
10:00,95,30,10,N,7,0,27.61,0.0,Fair,2018-07-29
11:00,95,30,10,N,7,0,27.61,0.0,Fair,2018-07-29
9:00,97,36,12,N,8,0,27.64,0.0,Fair,2018-07-30
10:00,100,37,11,NNE,7,0,27.64,0.0,Fair,2018-07-30
11:00,104,37,10,NNW,12,0,27.64,0.0,Fair,2018-07-30
12:00,106,36,9,NW,13,0,27.64,0.0,Fair,2018-07-30
1:00,106,36,9,N,10,0,27.61,0.0,Fair,2018-07-30
2:00,109,34,7,NNW,15,0,27.59,0.0,Fair,2018-07-30
3:00,109,34,7,N,14,0,27.59,0.0,Fair,2018-07-30
4:00,109,36,8,N,13,0,27.56,0.0,Fair,2018-07-30
5:00,108,37,9,N,14,0,27.56,0.0,Fair,2018-07-30
6:00,106,36,9,N,14,0,27.56,0.0,Fair,2018-07-30
7:00,104,36,9,NNE,13,0,27.59,0.0,Fair,2018-07-30
8:00,100,37,11,NNE,8,0,27.61,0.0,Fair,2018-07-30
9:00,99,36,11,N,7,0,27.61,0.0,Fair,2018-07-30
10:00,97,36,12,N,6,0,27.61,0.0,Fair,2018-07-30
11:00,95,37,13,N,6,0,27.61,0.0,Fair,2018-07-30
12:00,91,36,14,NNW,5,0,27.61,0.0,Fair,2018-07-31
1:00,90,34,14,WNW,6,0,27.61,0.0,Fair,2018-07-31
2:00,88,34,15,WNW,6,0,27.61,0.0,Fair,2018-07-31
3:00,86,36,17,WNW,5,0,27.61,0.0,Fair,2018-07-31
4:00,86,36,17,NW,6,0,27.61,0.0,Fair,2018-07-31
5:00,86,34,15,NW,5,0,27.61,0.0,Fair,2018-07-31
6:00,84,36,18,WNW,6,0,27.64,0.0,Fair,2018-07-31
7:00,88,36,16,WNW,6,0,27.67,0.0,Fair,2018-07-31
8:00,93,36,13,WNW,6,0,27.67,0.0,Fair,2018-07-31
9:00,99,39,13,N,7,0,27.67,0.0,Fair,2018-07-31
10:00,100,37,11,NNE,9,0,27.67,0.0,Fair,2018-07-31
11:00,106,39,10,N,8,0,27.67,0.0,Fair,2018-07-31
12:00,104,37,10,NE,8,0,27.64,0.0,Fair,2018-07-31
1:00,108,37,9,N,10,0,27.64,0.0,Fair,2018-07-31
2:00,108,37,9,N,8,0,27.61,0.0,Fair,2018-07-31
3:00,111,36,8,NW,13,0,27.61,0.0,Fair,2018-07-31
4:00,108,37,9,N,8,0,27.61,0.0,Fair,2018-07-31
5:00,109,34,7,NW,13,0,27.59,0.0,Fair,2018-07-31
6:00,108,36,8,NNW,13,0,27.61,0.0,Fair,2018-07-31
7:00,104,36,9,NNW,8,0,27.61,0.0,Fair,2018-07-31
8:00,102,36,10,N,8,0,27.64,0.0,Fair,2018-07-31
9:00,97,34,11,N,6,0,27.64,0.0,Fair,2018-07-31
10:00,97,36,12,N,12,0,27.64,0.0,Fair,2018-07-31
11:00,95,34,12,N,6,0,27.64,0.0,Fair,2018-07-31
