,Date,Steps,AD_Month,AH_Month,Long_Vacation,Short_Vacation,Ramadan,Sch_Eid_Fatr,National_Day,National_Day_Ext,AD_WeekdayNum,Woke_Hour,temp_min,temp_max,is_rain
0,2018-06-02,3140,6,9,1,0,1,0,0,0,5,18,86,111,0
1,2018-06-03,9810,6,9,1,0,1,0,0,0,6,20,88,113,0
2,2018-06-04,6551,6,9,1,0,1,0,0,0,0,6,90,111,0
3,2018-06-05,6107,6,9,1,0,1,0,0,0,1,6,88,113,0
4,2018-06-06,2569,6,9,1,0,1,0,0,0,2,6,86,113,0
5,2018-06-07,2283,6,9,1,0,1,0,0,0,3,8,84,113,0
6,2018-06-08,743,6,9,1,0,1,0,0,0,4,12,0,113,0
7,2018-06-09,1756,6,9,1,0,1,0,0,0,5,12,84,117,0
8,2018-06-10,3811,6,9,1,0,1,0,0,0,6,6,93,111,0
9,2018-06-11,2202,6,9,1,0,1,0,0,0,0,6,82,109,0
10,2018-06-12,11535,6,9,1,0,1,0,0,0,1,12,81,109,0
11,2018-06-13,10248,6,9,1,0,1,0,0,0,2,10,84,106,0
12,2018-06-14,10022,6,9,1,0,1,0,0,0,3,10,81,104,0
13,2018-06-15,12542,6,10,1,0,0,0,0,0,4,9,81,106,0
14,2018-06-16,12083,6,10,1,0,0,0,0,0,5,9,81,108,0
15,2018-06-17,13090,6,10,1,0,0,0,0,0,6,11,81,106,0
16,2018-06-18,15417,6,10,1,0,0,0,0,0,0,7,84,108,0
17,2018-06-19,14337,6,10,1,0,0,0,0,0,1,8,82,109,0
18,2018-06-20,11490,6,10,1,0,0,0,0,0,2,8,82,109,0
19,2018-06-21,8302,6,10,1,0,0,0,0,0,3,15,86,108,0
20,2018-06-22,9123,6,10,1,0,0,0,0,0,4,10,82,108,0
21,2018-06-23,11375,6,10,1,0,0,0,0,0,5,12,81,106,0
22,2018-06-24,4106,6,10,1,0,0,0,0,0,6,20,81,106,0
23,2018-06-25,3855,6,10,1,0,0,0,0,0,0,2,79,106,0
24,2018-06-26,4074,6,10,1,0,0,0,0,0,1,21,82,108,0
25,2018-06-27,4845,6,10,1,0,0,0,0,0,2,1,88,108,0
26,2018-06-28,972,6,10,1,0,0,0,0,0,3,7,86,111,0
27,2018-06-29,884,6,10,1,0,0,0,0,0,4,12,84,111,0
28,2018-06-30,1494,6,10,1,0,0,0,0,0,5,6,86,108,0
29,2018-07-01,5334,7,10,1,0,0,0,0,0,6,3,82,108,0
30,2018-07-02,4054,7,10,1,0,0,0,0,0,0,3,81,109,0
31,2018-07-03,3585,7,10,1,0,0,0,0,0,1,3,88,111,0
32,2018-07-04,2520,7,10,1,0,0,0,0,0,2,4,88,113,0
33,2018-07-05,2737,7,10,1,0,0,0,0,0,3,3,90,113,0
34,2018-07-06,1874,7,10,1,0,0,0,0,0,4,2,84,113,0
35,2018-07-07,831,7,10,1,0,0,0,0,0,5,10,84,111,0
36,2018-07-08,3664,7,10,1,0,0,0,0,0,6,3,84,111,0
37,2018-07-09,2411,7,10,1,0,0,0,0,0,0,17,86,113,0
38,2018-07-10,3377,7,10,1,0,0,0,0,0,1,4,82,113,0
39,2018-07-11,3986,7,10,1,0,0,0,0,0,2,22,0,111,0
40,2018-07-12,3561,7,10,1,0,0,0,0,0,3,0,0,115,0
41,2018-07-13,548,7,10,1,0,0,0,0,0,4,10,88,113,0
42,2018-07-14,487,7,11,1,0,0,0,0,0,5,10,88,111,0
43,2018-07-15,4390,7,11,1,0,0,0,0,0,6,3,88,113,0
44,2018-07-16,2940,7,11,1,0,0,0,0,0,0,3,88,111,0
45,2018-07-17,1939,7,11,1,0,0,0,0,0,1,3,82,109,0
46,2018-07-18,4002,7,11,1,0,0,0,0,0,2,3,84,106,0
47,2018-07-19,5806,7,11,1,0,0,0,0,0,3,4,82,106,0
48,2018-07-20,8673,7,11,1,0,0,0,0,0,4,3,84,108,0
49,2018-07-21,9103,7,11,1,0,0,0,0,0,5,10,84,108,0
50,2018-07-22,9801,7,11,1,0,0,0,0,0,6,12,82,109,0
51,2018-07-23,9498,7,11,1,0,0,0,0,0,0,5,82,108,0
52,2018-07-24,8626,7,11,1,0,0,0,0,0,1,5,84,108,0
53,2018-07-25,7649,7,11,1,0,0,0,0,0,2,6,82,108,0
54,2018-07-26,8753,7,11,1,0,0,0,0,0,3,6,84,108,0
55,2018-07-27,11581,7,11,1,0,0,0,0,0,4,22,91,108,0
56,2018-07-28,9131,7,11,1,0,0,0,0,0,5,19,90,109,0
57,2018-07-29,13093,7,11,1,0,0,0,0,0,6,13,84,109,0
58,2018-07-30,12048,7,11,1,0,0,0,0,0,0,6,95,109,0
59,2018-07-31,8893,7,11,1,0,0,0,0,0,1,6,84,111,0
60,2018-08-01,14233,8,11,1,0,0,0,0,0,2,21,84,109,0
61,2018-08-02,6212,8,11,1,0,0,0,0,0,3,6,82,108,0
62,2018-08-03,12377,8,11,1,0,0,0,0,0,4,19,81,108,0
63,2018-08-04,11094,8,11,1,0,0,0,0,0,5,13,84,108,0
64,2018-08-05,17097,8,11,1,0,0,0,0,0,6,4,88,113,0
65,2018-08-06,7407,8,11,1,0,0,0,0,0,0,6,88,109,0
66,2018-08-07,9725,8,11,1,0,0,0,0,0,1,21,86,109,0
67,2018-08-08,7163,8,11,1,0,0,0,0,0,2,20,88,109,0
68,2018-08-09,9955,8,11,1,0,0,0,0,0,3,3,86,108,0
69,2018-08-10,6159,8,11,1,0,0,0,0,0,4,4,86,108,0
70,2018-08-11,17113,8,11,1,0,0,0,0,0,5,9,82,108,0
71,2018-08-12,8379,8,12,1,0,0,0,0,0,6,7,79,109,0
72,2018-08-13,15205,8,12,1,0,0,0,0,0,0,9,81,108,0
73,2018-08-14,16943,8,12,1,0,0,0,0,0,1,5,81,106,0
74,2018-08-15,14857,8,12,1,0,0,0,0,0,2,6,81,108,0
75,2018-08-16,10905,8,12,1,0,0,0,0,0,3,6,79,108,0
76,2018-08-17,9403,8,12,1,0,0,0,0,0,4,7,79,109,0
77,2018-08-18,14309,8,12,1,0,0,0,0,0,5,11,81,109,0
78,2018-08-19,19720,8,12,1,0,0,0,0,0,6,12,81,109,0
79,2018-08-20,9476,8,12,1,0,0,0,0,0,0,13,75,109,0
80,2018-08-21,9801,8,12,1,0,0,0,0,0,1,15,81,108,0
81,2018-08-22,11154,8,12,1,0,0,0,0,0,2,15,82,109,0
82,2018-08-23,11154,8,12,1,0,0,0,0,0,3,18,82,108,0
83,2018-08-24,210,8,12,1,0,0,0,0,0,4,14,81,109,0
84,2018-08-25,2992,8,12,1,0,0,0,0,0,5,22,82,111,0
85,2018-08-26,3062,8,12,1,0,0,0,0,0,6,20,82,111,0
86,2018-08-27,3817,8,12,1,0,0,0,0,0,0,3,90,90,0
87,2018-08-28,2810,8,12,1,0,0,0,0,0,1,22,82,109,0
88,2018-08-29,4164,8,12,1,0,0,0,0,0,2,3,82,108,0
89,2018-08-30,3033,8,12,1,0,0,0,0,0,3,2,82,106,0
90,2018-08-31,701,8,12,1,0,0,0,0,0,4,5,84,109,0
91,2018-09-01,856,9,12,1,0,0,0,0,0,5,3,82,111,0
92,2018-09-02,3503,9,12,0,0,0,0,0,0,6,2,82,109,0
93,2018-09-03,3085,9,12,0,0,0,0,0,0,0,1,81,111,0
94,2018-09-04,2767,9,12,0,0,0,0,0,0,1,3,82,113,0
95,2018-09-05,2416,9,12,0,0,0,0,0,0,2,3,86,113,0
96,2018-09-06,5885,9,12,0,0,0,0,0,0,3,4,84,109,0
97,2018-09-07,3618,9,12,0,0,0,0,0,0,4,1,81,106,0
98,2018-09-08,1273,9,12,0,0,0,0,0,0,5,15,81,109,0
99,2018-09-09,5311,9,12,0,0,0,0,0,0,6,4,79,108,0
100,2018-09-10,4114,9,12,0,0,0,0,0,0,0,3,82,108,0
101,2018-09-11,2912,9,1,0,0,0,0,0,0,1,3,84,106,0
102,2018-09-12,5333,9,1,0,0,0,0,0,0,2,0,81,106,0
103,2018-09-13,3095,9,1,0,0,0,0,0,0,3,23,81,109,0
104,2018-09-14,612,9,1,0,0,0,0,0,0,4,5,82,111,0
105,2018-09-15,1105,9,1,0,0,0,0,0,0,5,10,82,111,0
106,2018-09-16,5051,9,1,0,0,0,0,0,0,6,2,81,106,0
107,2018-09-17,3582,9,1,0,0,0,0,0,0,0,3,81,108,0
108,2018-09-18,2366,9,1,0,0,0,0,0,0,1,6,81,108,0
109,2018-09-19,3955,9,1,0,0,0,0,0,1,2,3,77,106,0
110,2018-09-20,3840,9,1,0,0,0,0,0,1,3,23,81,108,0
111,2018-09-21,906,9,1,0,0,0,0,0,1,4,6,79,106,0
112,2018-09-22,292,9,1,0,0,0,0,1,1,5,9,81,106,0
113,2018-09-23,791,9,1,0,0,0,0,0,1,6,8,79,106,0
114,2018-09-24,3382,9,1,0,0,0,0,0,1,0,8,77,106,0
115,2018-09-25,4119,9,1,0,0,0,0,0,1,1,18,79,106,0
116,2018-09-26,3484,9,1,0,0,0,0,0,0,2,2,79,106,0
117,2018-09-27,3868,9,1,0,0,0,0,0,0,3,21,79,102,0
118,2018-09-28,432,9,1,0,0,0,0,0,0,4,5,73,102,0
119,2018-09-29,7855,9,1,0,0,0,0,0,0,5,8,75,106,0
120,2018-09-30,4415,9,1,0,0,0,0,0,0,6,3,73,100,0
121,2018-10-01,10690,10,1,0,0,0,0,0,0,0,23,73,99,0
122,2018-10-02,2543,10,1,0,0,0,0,0,0,1,6,75,99,0
123,2018-10-03,4255,10,1,0,0,0,0,0,0,2,4,72,99,0
124,2018-10-04,23,10,1,0,0,0,0,0,0,3,4,70,102,0
125,2018-10-05,1055,10,1,0,0,0,0,0,0,4,14,73,100,0
126,2018-10-06,9083,10,1,0,0,0,0,0,0,5,8,72,102,0
127,2018-10-07,4312,10,1,0,0,0,0,0,0,6,3,73,102,0
128,2018-10-08,3875,10,1,0,0,0,0,0,0,0,4,77,97,0
129,2018-10-09,2084,10,1,0,0,0,0,0,0,1,4,68,99,0
130,2018-10-10,4030,10,2,0,0,0,0,0,0,2,2,70,102,0
131,2018-10-11,2536,10,2,0,0,0,0,0,0,3,3,72,100,0
132,2018-10-12,899,10,2,0,0,0,0,0,0,4,9,70,97,0
133,2018-10-13,586,10,2,0,0,0,0,0,0,5,6,73,99,0
134,2018-10-14,3464,10,2,0,0,0,0,0,0,6,3,70,95,0
135,2018-10-15,4527,10,2,0,0,0,0,0,0,0,22,68,93,0
136,2018-10-16,2611,10,2,0,0,0,0,0,0,1,20,68,93,0
137,2018-10-17,3167,10,2,0,0,0,0,0,0,2,1,68,93,0
138,2018-10-18,3926,10,2,0,0,0,0,0,0,3,2,72,91,0
139,2018-10-19,1033,10,2,0,0,0,0,0,0,4,7,70,90,0
140,2018-10-20,640,10,2,0,0,0,0,0,0,5,9,70,90,1
141,2018-10-21,2850,10,2,0,0,0,0,0,0,6,17,68,86,0
142,2018-10-22,10960,10,2,0,0,0,0,0,0,0,4,73,91,0
143,2018-10-23,11177,10,2,0,0,0,0,0,0,1,6,72,91,0
144,2018-10-24,4353,10,2,0,0,0,0,0,0,2,4,73,91,0
145,2018-10-25,4336,10,2,0,0,0,0,0,0,3,5,73,95,0
146,2018-10-26,543,10,2,0,0,0,0,0,0,4,3,77,91,0
147,2018-10-27,1657,10,2,0,0,0,0,0,0,5,10,72,90,0
148,2018-10-28,9918,10,2,0,0,0,0,0,0,6,5,63,72,1
149,2018-10-29,8657,10,2,0,0,0,0,0,0,0,3,61,70,1
150,2018-10-30,11611,10,2,0,0,0,0,0,0,1,4,61,77,0
151,2018-10-31,11035,10,2,0,0,0,0,0,0,2,7,61,81,0
152,2018-11-01,12006,11,2,0,0,0,0,0,0,3,4,61,79,0
153,2018-11-02,15424,11,2,0,0,0,0,0,0,4,8,61,81,0
154,2018-11-03,24261,11,2,0,0,0,0,0,0,5,12,61,82,0
155,2018-11-04,3285,11,2,0,0,0,0,0,0,6,5,66,81,1
156,2018-11-05,3122,11,2,0,0,0,0,0,0,0,3,66,88,0
157,2018-11-06,2827,11,2,0,0,0,0,0,0,1,8,68,88,0
158,2018-11-07,2626,11,2,0,0,0,0,0,0,2,4,63,84,1
159,2018-11-08,5705,11,2,0,0,0,0,0,0,3,4,66,68,1
160,2018-11-09,3541,11,3,0,0,0,0,0,0,4,12,63,73,1
161,2018-11-10,1190,11,3,0,0,0,0,0,0,5,11,63,75,1
162,2018-11-11,7053,11,3,0,0,0,0,0,0,6,6,66,81,0
163,2018-11-12,3393,11,3,0,0,0,0,0,0,0,3,66,79,1
164,2018-11-13,3758,11,3,0,0,0,0,0,0,1,7,64,75,0
165,2018-11-14,3837,11,3,0,0,0,0,0,0,2,3,64,79,0
166,2018-11-15,3469,11,3,0,0,0,0,0,0,3,5,64,90,0
167,2018-11-16,2604,11,3,0,0,0,0,0,0,4,10,68,79,0
168,2018-11-17,1732,11,3,0,0,0,0,0,0,5,3,64,75,0
169,2018-11-18,6369,11,3,0,0,0,0,0,0,6,1,59,73,0
170,2018-11-19,5761,11,3,0,0,0,0,0,0,0,5,57,77,0
171,2018-11-20,3921,11,3,0,0,0,0,0,0,1,23,57,73,0
172,2018-11-21,2831,11,3,0,0,0,0,0,0,2,3,57,75,0
173,2018-11-22,4371,11,3,0,0,0,0,0,0,3,4,59,79,0
174,2018-11-23,506,11,3,0,0,0,0,0,0,4,6,61,70,1
175,2018-11-24,1998,11,3,0,0,0,0,0,0,5,5,59,82,1
176,2018-11-25,4743,11,3,0,0,0,0,0,0,6,3,61,79,0
177,2018-11-26,4751,11,3,0,0,0,0,0,0,0,20,54,68,0
178,2018-11-27,1893,11,3,0,0,0,0,0,0,1,9,52,68,0
179,2018-11-28,4774,11,3,0,0,0,0,0,0,2,3,54,70,0
180,2018-11-29,3186,11,3,0,0,0,0,0,0,3,3,54,77,0
181,2018-11-30,1982,11,3,0,0,0,0,0,0,4,4,57,79,0
182,2018-12-01,2342,12,3,0,0,0,0,0,0,5,5,59,77,0
183,2018-12-02,6015,12,3,0,0,0,0,0,0,6,3,57,81,0
184,2018-12-03,3840,12,3,0,0,0,0,0,0,0,3,55,75,0
185,2018-12-04,2955,12,3,0,0,0,0,0,0,1,23,54,73,0
186,2018-12-05,3032,12,3,0,0,0,0,0,0,2,22,59,77,0
187,2018-12-06,5302,12,3,0,0,0,0,0,0,3,0,66,68,0
188,2018-12-07,788,12,3,0,0,0,0,0,0,4,6,55,77,0
189,2018-12-08,1134,12,4,0,0,0,0,0,0,5,5,55,73,0
190,2018-12-09,4935,12,4,0,0,0,0,0,0,6,5,59,79,0
191,2018-12-10,4386,12,4,0,0,0,0,0,0,0,5,59,81,0
192,2018-12-11,4397,12,4,0,0,0,0,0,0,1,3,61,72,0
193,2018-12-12,2762,12,4,0,0,0,0,0,0,2,6,57,73,0
194,2018-12-13,3480,12,4,0,0,0,0,0,0,3,4,59,75,0
195,2018-12-14,923,12,4,0,0,0,0,0,0,4,12,59,75,0
196,2018-12-15,1242,12,4,0,0,0,0,0,0,5,5,55,63,1
197,2018-12-16,3550,12,4,0,0,0,0,0,0,6,3,50,70,0
198,2018-12-17,2622,12,4,0,0,0,0,0,0,0,3,52,72,0
199,2018-12-18,5119,12,4,0,0,0,0,0,0,1,22,55,77,0
200,2018-12-19,3214,12,4,0,0,0,0,0,0,2,3,54,64,0
201,2018-12-20,3148,12,4,0,0,0,0,0,0,3,15,54,77,0
202,2018-12-21,9082,12,4,0,0,0,0,0,0,4,8,52,70,0
203,2018-12-22,3902,12,4,0,0,0,0,0,0,5,8,54,64,0
204,2018-12-23,3974,12,4,0,0,0,0,0,0,6,3,48,66,0
205,2018-12-24,4445,12,4,0,0,0,0,0,0,0,4,46,68,0
206,2018-12-25,4921,12,4,0,0,0,0,0,0,1,3,48,70,0
207,2018-12-26,5182,12,4,0,0,0,0,0,0,2,8,48,70,0
208,2018-12-27,4138,12,4,0,0,0,0,0,0,3,9,50,73,0
209,2018-12-28,1394,12,4,0,1,0,0,0,0,4,6,54,79,0
210,2018-12-29,745,12,4,0,1,0,0,0,0,5,11,52,66,0
211,2018-12-30,4939,12,4,0,1,0,0,0,0,6,4,50,66,0
212,2018-12-31,4651,12,4,0,1,0,0,0,0,0,7,54,70,0
213,2019-01-01,4572,1,4,0,1,0,0,0,0,1,7,48,68,0
214,2019-01-02,5240,1,4,0,1,0,0,0,0,2,7,55,82,0
215,2019-01-03,942,1,4,0,1,0,0,0,0,3,13,59,82,0
216,2019-01-04,780,1,4,0,1,0,0,0,0,4,14,54,66,0
217,2019-01-05,1934,1,4,0,1,0,0,0,0,5,11,48,72,0
218,2019-01-06,1592,1,4,0,0,0,0,0,0,6,10,55,79,0
219,2019-01-07,4011,1,5,0,0,0,0,0,0,0,4,55,79,0
220,2019-01-08,4258,1,5,0,0,0,0,0,0,1,6,52,72,0
221,2019-01-09,4669,1,5,0,0,0,0,0,0,2,4,57,75,0
222,2019-01-10,790,1,5,0,0,0,0,0,0,3,9,48,63,0
223,2019-01-11,469,1,5,0,0,0,0,0,0,4,12,45,63,0
224,2019-01-12,7221,1,5,0,0,0,0,0,0,5,12,45,68,0
225,2019-01-13,5560,1,5,0,0,0,0,0,0,6,20,52,75,0
226,2019-01-14,5538,1,5,0,0,0,0,0,0,0,23,57,81,0
227,2019-01-15,5755,1,5,0,0,0,0,0,0,1,1,52,79,0
228,2019-01-16,3201,1,5,0,0,0,0,0,0,2,16,61,82,0
229,2019-01-17,1655,1,5,0,0,0,0,0,0,3,10,54,72,0
230,2019-01-18,948,1,5,0,0,0,0,0,0,4,8,45,63,0
231,2019-01-19,1267,1,5,0,0,0,0,0,0,5,12,43,63,0
232,2019-01-20,1659,1,5,0,0,0,0,0,0,6,9,41,61,0
233,2019-01-21,3329,1,5,0,0,0,0,0,0,0,10,43,66,0
234,2019-01-22,4234,1,5,0,0,0,0,0,0,1,4,46,77,0
235,2019-01-23,5474,1,5,0,0,0,0,0,0,2,18,50,79,0
236,2019-01-24,2741,1,5,0,0,0,0,0,0,3,5,52,81,0
237,2019-01-25,2793,1,5,0,0,0,0,0,0,4,11,57,82,0
238,2019-01-26,1112,1,5,0,0,0,0,0,0,5,10,55,84,0
239,2019-01-27,4686,1,5,0,0,0,0,0,0,6,23,64,81,0
240,2019-01-28,4629,1,5,0,0,0,0,0,0,0,22,63,81,1
241,2019-01-29,5854,1,5,0,0,0,0,0,0,1,19,55,66,1
242,2019-01-30,4496,1,5,0,0,0,0,0,0,2,7,52,70,0
243,2019-01-31,5521,1,5,0,0,0,0,0,0,3,21,55,84,0
244,2019-02-01,1725,2,5,0,0,0,0,0,0,4,10,59,86,0
245,2019-02-02,922,2,5,0,0,0,0,0,0,5,9,59,86,0
246,2019-02-03,5143,2,5,0,0,0,0,0,0,6,20,54,68,0
247,2019-02-04,3012,2,5,0,0,0,0,0,0,0,6,48,68,0
248,2019-02-05,3792,2,5,0,0,0,0,0,0,1,4,46,68,0
249,2019-02-06,2167,2,6,0,0,0,0,0,0,2,5,46,68,0
250,2019-02-07,3209,2,6,0,0,0,0,0,0,3,4,41,70,0
251,2019-02-08,3608,2,6,0,0,0,0,0,0,4,10,55,75,0
252,2019-02-09,6533,2,6,0,0,0,0,0,0,5,8,59,79,0
253,2019-02-10,4479,2,6,0,0,0,0,0,0,6,20,61,75,0
254,2019-02-11,4008,2,6,0,0,0,0,0,0,0,0,52,70,1
255,2019-02-12,3950,2,6,0,0,0,0,0,0,1,4,48,64,0
256,2019-02-13,3619,2,6,0,0,0,0,0,0,2,4,43,66,0
257,2019-02-14,4619,2,6,0,0,0,0,0,0,3,5,50,73,0
258,2019-02-15,2725,2,6,0,0,0,0,0,0,4,5,61,82,0
259,2019-02-16,1631,2,6,0,0,0,0,0,0,5,11,57,72,0
260,2019-02-17,454,2,6,0,0,0,0,0,0,6,17,50,68,0
261,2019-02-18,12350,2,6,0,0,0,0,0,0,0,7,48,68,0
262,2019-02-19,4661,2,6,0,0,0,0,0,0,1,3,50,68,0
263,2019-02-20,3697,2,6,0,0,0,0,0,0,2,23,43,66,0
264,2019-02-21,3317,2,6,0,0,0,0,0,0,3,5,43,68,0
265,2019-02-22,2352,2,6,0,0,0,0,0,0,4,6,57,68,0
266,2019-02-23,2050,2,6,0,0,0,0,0,0,5,8,59,79,0
267,2019-02-24,4978,2,6,0,0,0,0,0,0,6,4,55,82,0
268,2019-02-25,2703,2,6,0,0,0,0,0,0,0,3,57,73,0
269,2019-02-26,2035,2,6,0,0,0,0,0,0,1,23,50,77,0
270,2019-02-27,15292,2,6,0,0,0,0,0,0,2,3,64,82,0
271,2019-02-28,4282,2,6,0,0,0,0,0,0,3,3,63,84,0
272,2019-03-01,9609,3,6,0,0,0,0,0,0,4,11,55,66,0
273,2019-03-02,2705,3,6,0,0,0,0,0,0,5,11,46,70,0
274,2019-03-03,4198,3,6,0,0,0,0,0,0,6,2,48,70,0
275,2019-03-04,4243,3,6,0,0,0,0,0,0,0,3,48,73,0
276,2019-03-05,2468,3,6,0,0,0,0,0,0,1,9,54,75,0
277,2019-03-06,3654,3,6,0,0,0,0,0,0,2,5,61,73,0
278,2019-03-07,3222,3,6,0,0,0,0,0,0,3,5,50,73,0
279,2019-03-08,1064,3,7,0,0,0,0,0,0,4,5,46,77,0
280,2019-03-09,11021,3,7,0,0,0,0,0,0,5,15,52,70,0
281,2019-03-10,3980,3,7,0,0,0,0,0,0,6,3,50,73,0
282,2019-03-11,3435,3,7,0,0,0,0,0,0,0,3,46,77,0
283,2019-03-12,4166,3,7,0,0,0,0,0,0,1,4,52,79,0
284,2019-03-13,6253,3,7,0,0,0,0,0,0,2,23,50,81,0
285,2019-03-14,4550,3,7,0,0,0,0,0,0,3,7,66,88,0
286,2019-03-15,841,3,7,0,0,0,0,0,0,4,14,57,77,0
287,2019-03-16,5033,3,7,0,0,0,0,0,0,5,10,57,79,0
288,2019-03-17,2705,3,7,0,0,0,0,0,0,6,8,59,75,0
289,2019-03-18,5692,3,7,0,0,0,0,0,0,0,9,52,77,0
290,2019-03-19,1337,3,7,0,0,0,0,0,0,1,6,50,81,0
291,2019-03-20,1785,3,7,0,0,0,0,0,0,2,10,59,79,0
292,2019-03-21,2854,3,7,0,0,0,0,0,0,3,20,63,81,0
293,2019-03-22,2643,3,7,0,0,0,0,0,0,4,5,57,86,0
294,2019-03-23,618,3,7,0,0,0,0,0,0,5,8,61,84,0
295,2019-03-24,3863,3,7,0,0,0,0,0,0,6,20,64,91,0
296,2019-03-25,3021,3,7,0,0,0,0,0,0,0,19,70,90,0
297,2019-03-26,1902,3,7,0,0,0,0,0,0,1,8,63,79,0
298,2019-03-27,1565,3,7,0,0,0,0,0,0,2,7,54,81,0
299,2019-03-28,2023,3,7,0,0,0,0,0,0,3,13,63,86,0
300,2019-03-29,400,3,7,0,0,0,0,0,0,4,9,57,82,0
301,2019-03-30,927,3,7,0,0,0,0,0,0,5,12,64,88,1
302,2019-03-31,1046,3,7,0,0,0,0,0,0,6,9,70,97,0
303,2019-04-01,873,4,7,0,0,0,0,0,0,0,4,64,75,0
304,2019-04-02,2991,4,7,0,0,0,0,0,0,1,13,59,75,0
305,2019-04-03,1847,4,7,0,0,0,0,0,0,2,13,59,88,0
306,2019-04-04,786,4,7,0,0,0,0,0,0,3,15,64,93,0
307,2019-04-05,1188,4,7,0,0,0,0,0,0,4,23,70,91,0
308,2019-04-06,1093,4,8,0,0,0,0,0,0,5,21,70,95,0
309,2019-04-07,3959,4,8,0,0,0,0,0,0,6,22,75,97,0
310,2019-04-08,3293,4,8,0,0,0,0,0,0,0,2,70,91,0
311,2019-04-09,2081,4,8,0,0,0,0,0,0,1,0,66,90,1
312,2019-04-10,3823,4,8,0,0,0,0,0,0,2,2,66,84,1
313,2019-04-11,1743,4,8,0,0,0,0,0,0,3,7,66,88,0
314,2019-04-12,2337,4,8,0,0,0,0,0,0,4,8,66,90,1
315,2019-04-13,1997,4,8,0,0,0,0,0,0,5,7,61,81,0
316,2019-04-14,5235,4,8,0,0,0,0,0,0,6,3,61,84,0
317,2019-04-15,2764,4,8,0,0,0,0,0,0,0,7,55,91,0
318,2019-04-16,802,4,8,0,0,0,0,0,0,1,7,64,95,0
319,2019-04-17,6702,4,8,0,0,0,0,0,0,2,6,73,99,0
320,2019-04-18,2392,4,8,0,0,0,0,0,0,3,6,72,100,0
321,2019-04-19,1106,4,8,0,0,0,0,0,0,4,6,75,95,0
322,2019-04-20,763,4,8,0,0,0,0,0,0,5,10,70,97,0
323,2019-04-21,3521,4,8,0,0,0,0,0,0,6,3,70,88,0
324,2019-04-22,450,4,8,0,0,0,0,0,0,0,6,64,81,0
325,2019-04-23,5296,4,8,0,0,0,0,0,0,1,8,55,79,0
326,2019-04-24,7073,4,8,0,0,0,0,0,0,2,11,57,82,0
327,2019-04-25,636,4,8,0,0,0,0,0,0,3,14,57,84,0
328,2019-04-26,1759,4,8,0,0,0,0,0,0,4,12,61,79,0
329,2019-04-27,1908,4,8,0,0,0,0,0,0,5,11,66,84,0
330,2019-04-28,2918,4,8,0,0,0,0,0,0,6,4,70,91,0
331,2019-04-29,2660,4,8,0,0,0,0,0,0,0,11,66,90,0
332,2019-04-30,6038,4,8,0,0,0,0,0,0,1,15,70,93,0
333,2019-05-01,2835,5,8,0,0,0,0,0,0,2,13,72,93,0
334,2019-05-02,2310,5,8,0,0,0,0,0,0,3,17,73,99,0
335,2019-05-03,1296,5,8,1,0,0,0,0,0,4,11,79,102,0
336,2019-05-04,1982,5,8,1,0,0,0,0,0,5,0,70,95,0
337,2019-05-05,2316,5,8,1,0,0,0,0,0,6,23,77,100,0
338,2019-05-06,835,5,9,1,0,1,0,0,0,0,23,75,97,0
339,2019-05-07,1964,5,9,1,0,1,0,0,0,1,22,75,104,0
340,2019-05-08,1749,5,9,1,0,1,0,0,0,2,10,82,100,0
341,2019-05-09,865,5,9,1,0,1,0,0,0,3,10,86,104,0
342,2019-05-10,1585,5,9,1,0,1,0,0,0,4,16,79,102,0
343,2019-05-11,913,5,9,1,0,1,0,0,0,5,5,81,95,0
344,2019-05-12,692,5,9,1,0,1,0,0,0,6,15,72,82,0
345,2019-05-13,750,5,9,1,0,1,0,0,0,0,17,70,97,0
346,2019-05-14,4493,5,9,1,0,1,0,0,0,1,14,77,99,0
347,2019-05-15,2699,5,9,1,0,1,0,0,0,2,10,77,104,0
348,2019-05-16,1539,5,9,1,0,1,0,0,0,3,15,79,102,0
349,2019-05-17,11463,5,9,1,0,1,0,0,0,4,13,84,99,0
350,2019-05-18,3548,5,9,1,0,1,0,0,0,5,15,77,93,1
351,2019-05-19,1011,5,9,1,0,1,0,0,0,6,16,70,99,0
352,2019-05-20,737,5,9,1,0,1,0,0,0,0,11,81,102,0
353,2019-05-21,9087,5,9,1,0,1,0,0,0,1,15,77,99,0
354,2019-05-22,2439,5,9,1,0,1,0,0,0,2,17,77,102,0
355,2019-05-23,790,5,9,1,0,1,0,0,0,3,15,77,104,0
356,2019-05-24,1028,5,9,1,0,1,0,0,0,4,20,75,102,0
357,2019-05-25,625,5,9,1,0,1,0,0,0,5,15,77,106,0
358,2019-05-26,967,5,9,1,0,1,0,0,0,6,4,77,104,0
359,2019-05-27,1931,5,9,1,0,1,0,0,0,0,16,79,106,0
360,2019-05-28,88,5,9,1,0,1,0,0,0,1,23,91,106,0
361,2019-05-29,1379,5,9,1,0,1,0,0,0,2,23,79,108,0
362,2019-05-30,1309,5,9,1,0,1,0,0,0,3,11,79,109,0
363,2019-05-31,4107,5,9,1,0,1,0,0,0,4,16,84,109,0
364,2019-06-01,1121,6,9,1,0,1,0,0,0,5,11,81,106,0
365,2019-06-02,397,6,9,1,0,1,0,0,0,6,18,82,109,0
366,2019-06-03,466,6,9,1,0,1,0,0,0,0,11,82,109,0
367,2019-06-04,1597,6,10,1,0,0,0,0,0,1,13,82,108,0
368,2019-06-05,1455,6,10,1,0,0,0,0,0,2,11,77,106,0
369,2019-06-06,1791,6,10,1,0,0,0,0,0,3,11,81,106,0
370,2019-06-07,324,6,10,1,0,0,0,0,0,4,17,82,109,0
371,2019-06-08,585,6,10,1,0,0,0,0,0,5,8,82,109,0
372,2019-06-09,2099,6,10,1,0,0,0,0,0,6,7,82,113,0
373,2019-06-10,2458,6,10,1,0,0,0,0,0,0,5,84,113,0
374,2019-06-11,6879,6,10,1,0,0,0,0,0,1,18,84,111,0
375,2019-06-12,16318,6,10,1,0,0,0,0,0,2,8,86,109,0
376,2019-06-13,16677,6,10,1,0,0,0,0,0,3,13,84,109,0
377,2019-06-14,14874,6,10,1,0,0,0,0,0,4,12,86,111,0
378,2019-06-15,12556,6,10,1,0,0,0,0,0,5,12,91,115,0
379,2019-06-16,18213,6,10,1,0,0,0,0,0,6,19,91,115,0
380,2019-06-17,11563,6,10,1,0,0,0,0,0,0,13,91,113,0
381,2019-06-18,23527,6,10,1,0,0,0,0,0,1,14,86,111,0
382,2019-06-19,12287,6,10,1,0,0,0,0,0,2,13,86,109,0
383,2019-06-20,21289,6,10,1,0,0,0,0,0,3,11,82,106,0
384,2019-06-21,2951,6,10,1,0,0,0,0,0,4,18,81,104,0
385,2019-06-22,994,6,10,1,0,0,0,0,0,5,10,81,106,0
386,2019-06-23,2200,6,10,1,0,0,0,0,0,6,17,75,106,0
387,2019-06-24,862,6,10,1,0,0,0,0,0,0,5,79,108,0
388,2019-06-25,993,6,10,1,0,0,0,0,0,1,20,84,111,0
389,2019-06-26,3100,6,10,1,0,0,0,0,0,2,1,84,115,0
390,2019-06-27,1397,6,10,1,0,0,0,0,0,3,4,82,113,0
391,2019-06-28,2202,6,10,1,0,0,0,0,0,4,6,82,115,0
392,2019-06-29,1028,6,10,1,0,0,0,0,0,5,8,86,115,0
393,2019-06-30,1504,6,10,1,0,0,0,0,0,6,9,86,111,0
394,2019-07-01,2437,7,10,1,0,0,0,0,0,0,8,84,111,0
395,2019-07-02,1198,7,10,1,0,0,0,0,0,1,5,84,109,0
396,2019-07-03,3351,7,10,1,0,0,0,0,0,2,6,86,109,0
397,2019-07-04,1612,7,11,1,0,0,0,0,0,3,8,84,111,0
398,2019-07-05,956,7,11,1,0,0,0,0,0,4,10,88,109,0
399,2019-07-06,2377,7,11,1,0,0,0,0,0,5,8,84,115,0
400,2019-07-07,5715,7,11,1,0,0,0,0,0,6,13,84,115,0
401,2019-07-08,1103,7,11,1,0,0,0,0,0,0,15,91,113,0
402,2019-07-09,2357,7,11,1,0,0,0,0,0,1,11,90,111,0
403,2019-07-10,1530,7,11,1,0,0,0,0,0,2,13,84,109,0
404,2019-07-11,2427,7,11,1,0,0,0,0,0,3,5,81,109,0
405,2019-07-12,2053,7,11,1,0,0,0,0,0,4,13,81,109,0
406,2019-07-13,2457,7,11,1,0,0,0,0,0,5,8,82,111,0
407,2019-07-14,1964,7,11,1,0,0,0,0,0,6,6,84,109,0
408,2019-07-15,458,7,11,1,0,0,0,0,0,0,13,82,109,0
409,2019-07-16,1185,7,11,1,0,0,0,0,0,1,20,82,109,0
410,2019-07-17,4325,7,11,1,0,0,0,0,0,2,3,84,108,0
411,2019-07-18,2483,7,11,1,0,0,0,0,0,3,23,81,108,0
412,2019-07-19,3105,7,11,1,0,0,0,0,0,4,2,86,108,0
413,2019-07-20,2243,7,11,1,0,0,0,0,0,5,10,82,106,0
414,2019-07-21,2904,7,11,1,0,0,0,0,0,6,3,82,108,0
415,2019-07-22,5029,7,11,1,0,0,0,0,0,0,1,81,109,0
416,2019-07-23,2705,7,11,1,0,0,0,0,0,1,5,86,111,0
417,2019-07-24,1999,7,11,1,0,0,0,0,0,2,5,84,113,0
418,2019-07-25,6273,7,11,1,0,0,0,0,0,3,6,82,113,0
419,2019-07-26,1988,7,11,1,0,0,0,0,0,4,5,84,113,0
420,2019-07-27,4551,7,11,1,0,0,0,0,0,5,6,82,111,0
421,2019-07-28,3791,7,11,1,0,0,0,0,0,6,6,84,109,0
422,2019-07-29,1728,7,11,1,0,0,0,0,0,0,1,84,109,0
423,2019-07-30,3230,7,11,1,0,0,0,0,0,1,8,84,113,0
424,2019-07-31,2531,7,11,1,0,0,0,0,0,2,4,88,115,0
425,2019-08-01,2074,8,11,1,0,0,0,0,0,3,8,86,115,0
426,2019-08-02,1455,8,12,1,0,0,0,0,0,4,11,88,113,0
427,2019-08-03,1989,8,12,1,0,0,0,0,0,5,12,88,109,0
428,2019-08-04,1390,8,12,1,0,0,0,0,0,6,12,84,109,0
429,2019-08-05,1769,8,12,1,0,0,0,0,0,0,6,82,111,0
430,2019-08-06,1822,8,12,1,0,0,0,0,0,1,12,84,109,0
431,2019-08-07,3150,8,12,1,0,0,0,0,0,2,14,84,109,0
432,2019-08-08,11464,8,12,1,0,0,0,0,0,3,16,82,108,0
433,2019-08-09,6298,8,12,1,0,0,0,0,0,4,12,82,108,0
434,2019-08-10,9072,8,12,1,0,0,0,0,0,5,6,81,108,0
435,2019-08-11,9208,8,12,1,0,0,0,0,0,6,7,82,108,0
436,2019-08-12,5906,8,12,1,0,0,0,0,0,0,10,79,106,0
437,2019-08-13,15006,8,12,1,0,0,0,0,0,1,5,88,109,0
438,2019-08-14,12114,8,12,1,0,0,0,0,0,2,9,86,109,0
439,2019-08-15,1141,8,12,1,0,0,0,0,0,3,11,86,109,0
440,2019-08-16,3813,8,12,1,0,0,0,0,0,4,9,86,109,0
441,2019-08-17,1205,8,12,1,0,0,0,0,0,5,14,84,108,0
442,2019-08-18,2267,8,12,1,0,0,0,0,0,6,18,79,108,0
443,2019-08-19,4138,8,12,1,0,0,0,0,0,0,20,82,108,0
444,2019-08-20,5610,8,12,1,0,0,0,0,0,1,3,81,108,0
445,2019-08-21,3573,8,12,1,0,0,0,0,0,2,2,79,108,0
446,2019-08-22,2156,8,12,1,0,0,0,0,0,3,23,81,109,0
447,2019-08-23,1579,8,12,1,0,0,0,0,0,4,3,88,108,0
448,2019-08-24,2216,8,12,1,0,0,0,0,0,5,6,81,108,0
449,2019-08-25,2465,8,12,1,0,0,0,0,0,6,4,82,109,0
450,2019-08-26,4822,8,12,1,0,0,0,0,0,0,7,81,109,0
451,2019-08-27,1936,8,12,1,0,0,0,0,0,1,10,79,111,0
452,2019-08-28,3072,8,12,1,0,0,0,0,0,2,7,82,109,0
453,2019-08-29,3492,8,12,1,0,0,0,0,0,3,6,86,109,0
454,2019-08-30,6361,8,12,1,0,0,0,0,0,4,6,81,111,0
455,2019-08-31,8282,8,1,1,0,0,0,0,0,5,3,95,109,0
456,2019-09-01,6402,9,1,0,0,0,0,0,0,6,8,82,111,0
457,2019-09-02,2387,9,1,0,0,0,0,0,0,0,9,90,111,0
458,2019-09-03,3927,9,1,0,0,0,0,0,0,1,8,86,111,0
459,2019-09-04,5622,9,1,0,0,0,0,0,0,2,10,84,109,0
460,2019-09-05,3169,9,1,0,0,0,0,0,0,3,10,82,113,0
461,2019-09-06,1304,9,1,0,0,0,0,0,0,4,12,88,111,0
462,2019-09-07,1186,9,1,0,0,0,0,0,0,5,15,84,111,0
463,2019-09-08,9096,9,1,0,0,0,0,0,0,6,13,81,108,0
464,2019-09-09,7433,9,1,0,0,0,0,0,0,0,19,81,104,0
465,2019-09-10,10560,9,1,0,0,0,0,0,0,1,19,81,102,0
466,2019-09-11,3216,9,1,0,0,0,0,0,0,2,3,77,102,0
467,2019-09-12,5828,9,1,0,0,0,0,0,0,3,23,75,102,0
468,2019-09-13,938,9,1,0,0,0,0,0,0,4,0,75,104,0
469,2019-09-14,3977,9,1,0,0,0,0,0,0,5,0,79,106,0
470,2019-09-15,7988,9,1,0,0,0,0,0,0,6,3,79,108,0
471,2019-09-16,1433,9,1,0,0,0,0,0,0,0,4,79,108,0
472,2019-09-17,4248,9,1,0,0,0,0,0,0,1,6,79,109,0
473,2019-09-18,1089,9,1,0,0,0,0,0,0,2,3,77,108,0
474,2019-09-19,5174,9,1,0,0,0,0,0,1,3,6,79,106,0
475,2019-09-20,12158,9,1,0,0,0,0,0,1,4,6,75,104,0
476,2019-09-21,1203,9,1,0,0,0,0,0,1,5,2,79,108,0
477,2019-09-22,1241,9,1,0,0,0,0,1,1,6,3,77,106,0
478,2019-09-23,2011,9,1,0,0,0,0,0,1,0,1,73,106,0
479,2019-09-24,2457,9,1,0,0,0,0,0,1,1,3,79,106,0
480,2019-09-25,2251,9,1,0,0,0,0,0,1,2,4,77,104,0
481,2019-09-26,5636,9,1,0,0,0,0,0,0,3,4,75,102,0
482,2019-09-27,4175,9,1,0,0,0,0,0,0,4,5,81,100,0
483,2019-09-28,2278,9,1,0,0,0,0,0,0,5,6,81,106,0
484,2019-09-29,2666,9,1,0,0,0,0,0,0,6,3,79,104,0
485,2019-09-30,3381,9,2,0,0,0,0,0,0,0,7,77,104,0
486,2019-10-01,1510,10,2,0,0,0,0,0,0,1,10,79,104,0
487,2019-10-02,1052,10,2,0,0,0,0,0,0,2,12,75,104,0
488,2019-10-03,1906,10,2,0,0,0,0,0,0,3,5,79,108,0
489,2019-10-04,665,10,2,0,0,0,0,0,0,4,13,79,108,0
490,2019-10-05,8183,10,2,0,0,0,0,0,0,5,11,81,102,0
491,2019-10-06,5581,10,2,0,0,0,0,0,0,6,8,77,104,0
492,2019-10-07,3453,10,2,0,0,0,0,0,0,0,12,81,100,0
493,2019-10-08,2628,10,2,0,0,0,0,0,0,1,12,79,97,0
494,2019-10-09,12191,10,2,0,0,0,0,0,0,2,16,77,97,0
495,2019-10-10,1705,10,2,0,0,0,0,0,0,3,12,77,99,0
496,2019-10-11,4451,10,2,0,0,0,0,0,0,4,15,75,100,0
497,2019-10-12,4013,10,2,0,0,0,0,0,0,5,11,73,99,0
498,2019-10-13,17231,10,2,0,0,0,0,0,0,6,16,70,99,0
499,2019-10-14,7958,10,2,0,0,0,0,0,0,0,20,75,95,0
500,2019-10-15,1661,10,2,0,0,0,0,0,0,1,3,72,97,0
501,2019-10-16,14032,10,2,0,0,0,0,0,0,2,23,73,95,0
502,2019-10-17,1285,10,2,0,0,0,0,0,0,3,9,70,95,0
503,2019-10-18,758,10,2,0,0,0,0,0,0,4,2,72,95,0
504,2019-10-19,12842,10,2,0,0,0,0,0,0,5,21,70,93,0
505,2019-10-20,2322,10,2,0,0,0,0,0,0,6,4,68,93,0
506,2019-10-21,14174,10,2,0,0,0,0,0,0,0,3,66,97,0
507,2019-10-22,2129,10,2,0,0,0,0,0,0,1,5,68,97,0
508,2019-10-23,9634,10,2,0,0,0,0,0,0,2,8,70,97,0
509,2019-10-24,8008,10,2,0,0,0,0,0,0,3,11,68,97,0
510,2019-10-25,3608,10,2,0,0,0,0,0,0,4,3,73,95,0
511,2019-10-26,4760,10,2,0,0,0,0,0,0,5,8,70,97,0
512,2019-10-27,4560,10,2,0,0,0,0,0,0,6,3,73,97,0
513,2019-10-28,10953,10,2,0,0,0,0,0,0,0,6,72,97,0
514,2019-10-29,8155,10,3,0,0,0,0,0,0,1,6,70,97,0
515,2019-10-30,7162,10,3,0,0,0,0,0,0,2,9,66,97,0
516,2019-10-31,1888,10,3,0,0,0,0,0,0,3,5,72,88,0
517,2019-11-01,7448,11,3,0,0,0,0,0,0,4,11,66,84,0
518,2019-11-02,4832,11,3,0,0,0,0,0,0,5,6,66,88,0
519,2019-11-03,12755,11,3,0,0,0,0,0,0,6,9,72,95,0
520,2019-11-04,5220,11,3,0,0,0,0,0,0,0,10,72,95,0
521,2019-11-05,6383,11,3,0,0,0,0,0,0,1,4,68,95,0
522,2019-11-06,3443,11,3,0,0,0,0,0,0,2,10,66,86,0
523,2019-11-07,3192,11,3,0,0,0,0,0,0,3,12,64,93,0
524,2019-11-08,3401,11,3,0,0,0,0,0,0,4,15,70,91,0
525,2019-11-09,12940,11,3,0,0,0,0,0,0,5,15,68,91,0
526,2019-11-10,3259,11,3,0,0,0,0,0,0,6,4,64,88,0
527,2019-11-11,8261,11,3,0,0,0,0,0,0,0,22,66,77,0
528,2019-11-12,5375,11,3,0,0,0,0,0,0,1,1,61,81,0
529,2019-11-13,6999,11,3,0,0,0,0,0,0,2,6,59,75,1
530,2019-11-14,3282,11,3,0,0,0,0,0,0,3,4,59,81,0
531,2019-11-15,6612,11,3,0,0,0,0,0,0,4,21,63,75,0
532,2019-11-16,2813,11,3,0,0,0,0,0,0,5,22,63,73,0
533,2019-11-17,11489,11,3,0,0,0,0,0,0,6,1,59,77,0
534,2019-11-18,10762,11,3,0,0,0,0,0,0,0,4,61,75,1
535,2019-11-19,5402,11,3,0,0,0,0,0,0,1,5,55,66,1
536,2019-11-20,3093,11,3,0,0,0,0,0,0,2,8,52,66,0
537,2019-11-21,5120,11,3,0,0,0,0,0,0,3,3,43,66,0
538,2019-11-22,4158,11,3,0,0,0,0,0,0,4,11,43,66,0
539,2019-11-23,7786,11,3,0,0,0,0,0,0,5,6,50,72,0
540,2019-11-24,565,11,3,0,0,0,0,0,0,6,11,59,72,0
541,2019-11-25,590,11,3,0,0,0,0,0,0,0,5,57,73,0
542,2019-11-26,2850,11,3,0,0,0,0,0,0,1,5,55,79,0
543,2019-11-27,919,11,3,0,0,0,0,0,0,2,12,55,79,0
544,2019-11-28,1380,11,4,0,0,0,0,0,0,3,16,59,79,0
545,2019-11-29,1904,11,4,0,0,0,0,0,0,4,4,64,82,0
546,2019-11-30,1469,11,4,0,0,0,0,0,0,5,4,61,84,0
547,2019-12-01,2930,12,4,0,0,0,0,0,0,6,21,57,81,0
548,2019-12-02,4611,12,4,0,0,0,0,0,0,0,4,59,81,0
549,2019-12-03,5617,12,4,0,0,0,0,0,0,1,11,59,75,0
550,2019-12-04,4468,12,4,0,0,0,0,0,0,2,5,52,73,0
551,2019-12-05,2714,12,4,0,0,0,0,0,0,3,0,54,73,0
552,2019-12-06,2229,12,4,0,0,0,0,0,0,4,6,59,77,0
553,2019-12-07,4525,12,4,0,0,0,0,0,0,5,7,61,81,0
554,2019-12-08,2364,12,4,0,0,0,0,0,0,6,9,55,66,0
555,2019-12-09,6513,12,4,0,0,0,0,0,0,0,6,50,66,0
556,2019-12-10,3680,12,4,0,0,0,0,0,0,1,5,63,72,0
557,2019-12-11,1939,12,4,0,0,0,0,0,0,2,5,59,72,0
558,2019-12-12,2380,12,4,0,0,0,0,0,0,3,19,54,73,0
559,2019-12-13,1422,12,4,0,0,0,0,0,0,4,6,61,82,0
560,2019-12-14,4706,12,4,0,0,0,0,0,0,5,8,59,73,0
561,2019-12-15,2030,12,4,0,0,0,0,0,0,6,9,61,72,1
562,2019-12-16,2439,12,4,0,0,0,0,0,0,0,0,59,73,1
563,2019-12-17,4955,12,4,0,0,0,0,0,0,1,5,54,63,0
564,2019-12-18,4019,12,4,0,0,0,0,0,0,2,9,50,66,0
565,2019-12-19,3821,12,4,0,0,0,0,0,0,3,9,46,64,0
566,2019-12-20,3723,12,4,0,0,0,0,0,0,4,11,45,64,0
567,2019-12-21,2885,12,4,0,0,0,0,0,0,5,7,41,66,0
568,2019-12-22,4611,12,4,0,0,0,0,0,0,6,10,39,66,0
569,2019-12-23,4472,12,4,0,0,0,0,0,0,0,9,39,68,0
570,2019-12-24,5869,12,4,0,0,0,0,0,0,1,18,45,72,0
571,2019-12-25,4880,12,4,0,0,0,0,0,0,2,11,50,73,0
572,2019-12-26,5429,12,4,0,0,0,0,0,0,3,8,52,77,0
573,2019-12-27,1477,12,5,0,0,0,0,0,0,4,13,50,81,0
574,2019-12-28,8315,12,5,0,0,0,0,0,0,5,11,52,75,0
575,2019-12-29,2157,12,5,0,0,0,0,0,0,6,17,52,75,0
576,2019-12-30,3220,12,5,0,0,0,0,0,0,0,17,52,77,0
577,2019-12-31,2207,12,5,0,0,0,0,0,0,1,20,54,81,0
578,2020-01-01,6250,1,5,0,0,0,0,0,0,2,3,54,66,0
579,2020-01-02,4944,1,5,0,1,0,0,0,0,3,3,54,75,0
580,2020-01-03,2722,1,5,0,1,0,0,0,0,4,22,59,86,0
581,2020-01-04,6991,1,5,0,1,0,0,0,0,5,1,64,81,0
582,2020-01-05,3429,1,5,0,1,0,0,0,0,6,5,50,59,0
583,2020-01-06,5664,1,5,0,1,0,0,0,0,0,5,45,61,0
584,2020-01-07,2054,1,5,0,1,0,0,0,0,1,8,43,64,0
585,2020-01-08,3375,1,5,0,1,0,0,0,0,2,6,48,70,0
586,2020-01-09,1064,1,5,0,1,0,0,0,0,3,11,52,70,0
587,2020-01-10,947,1,5,0,1,0,0,0,0,4,5,48,70,0
588,2020-01-11,5123,1,5,0,1,0,0,0,0,5,9,46,61,0
589,2020-01-12,1930,1,5,0,1,0,0,0,0,6,10,45,61,0
590,2020-01-13,1872,1,5,0,1,0,0,0,0,0,11,39,66,0
591,2020-01-14,4087,1,5,0,1,0,0,0,0,1,7,45,64,0
592,2020-01-15,5331,1,5,0,1,0,0,0,0,2,8,39,59,0
593,2020-01-16,1107,1,5,0,1,0,0,0,0,3,12,41,66,0
594,2020-01-17,1819,1,5,0,1,0,0,0,0,4,14,48,72,0
595,2020-01-18,731,1,5,0,1,0,0,0,0,5,15,50,77,0
596,2020-01-19,2727,1,5,0,0,0,0,0,0,6,14,52,72,0
597,2020-01-20,5446,1,5,0,0,0,0,0,0,0,16,48,70,0
598,2020-01-21,3211,1,5,0,0,0,0,0,0,1,3,48,70,0
599,2020-01-22,5259,1,5,0,0,0,0,0,0,2,21,55,68,0
600,2020-01-23,2834,1,5,0,0,0,0,0,0,3,1,48,61,0
601,2020-01-24,2370,1,5,0,0,0,0,0,0,4,1,39,63,0
602,2020-01-25,1210,1,5,0,0,0,0,0,0,5,4,46,63,0
603,2020-01-26,9383,1,6,0,0,0,0,0,0,6,3,41,59,0
604,2020-01-27,4162,1,6,0,0,0,0,0,0,0,5,39,64,0
605,2020-01-28,4808,1,6,0,0,0,0,0,0,1,8,37,66,0
606,2020-01-29,7328,1,6,0,0,0,0,0,0,2,6,41,75,0
607,2020-01-30,2825,1,6,0,0,0,0,0,0,3,9,48,72,0
608,2020-01-31,2360,1,6,0,0,0,0,0,0,4,10,43,72,0
609,2020-02-01,1172,2,6,0,0,0,0,0,0,5,10,55,72,0
610,2020-02-02,3139,2,6,0,0,0,0,0,0,6,2,45,68,0
611,2020-02-03,1535,2,6,0,0,0,0,0,0,0,11,46,68,0
612,2020-02-04,2132,2,6,0,0,0,0,0,0,1,11,45,70,0
613,2020-02-05,3851,2,6,0,0,0,0,0,0,2,5,54,75,0
614,2020-02-06,1183,2,6,0,0,0,0,0,0,3,19,55,79,0
615,2020-02-07,764,2,6,0,0,0,0,0,0,4,14,61,82,0
616,2020-02-08,1261,2,6,0,0,0,0,0,0,5,15,59,84,0
617,2020-02-09,1758,2,6,0,0,0,0,0,0,6,4,57,70,0
618,2020-02-10,2380,2,6,0,0,0,0,0,0,0,23,50,64,0
619,2020-02-11,1736,2,6,0,0,0,0,0,0,1,23,41,61,0
620,2020-02-12,2434,2,6,0,0,0,0,0,0,2,1,36,61,0
621,2020-02-13,2592,2,6,0,0,0,0,0,0,3,2,34,66,0
622,2020-02-14,866,2,6,0,0,0,0,0,0,4,6,41,77,0
623,2020-02-15,2365,2,6,0,0,0,0,0,0,5,2,46,77,0
624,2020-02-16,4533,2,6,0,0,0,0,0,0,6,4,50,79,0
625,2020-02-17,2953,2,6,0,0,0,0,0,0,0,9,59,82,0
626,2020-02-18,1915,2,6,0,0,0,0,0,0,1,7,59,84,0
627,2020-02-19,2830,2,6,0,0,0,0,0,0,2,8,64,88,0
628,2020-02-20,2693,2,6,0,0,0,0,0,0,3,10,61,77,0
629,2020-02-21,9121,2,6,0,0,0,0,0,0,4,10,52,73,0
630,2020-02-22,3196,2,6,0,0,0,0,0,0,5,6,59,79,0
631,2020-02-23,4507,2,6,0,0,0,0,0,0,6,5,61,84,0
632,2020-02-24,2574,2,6,0,0,0,0,0,0,0,8,66,88,0
633,2020-02-25,1660,2,7,0,0,0,0,0,0,1,9,63,91,0
634,2020-02-26,6976,2,7,0,0,0,0,0,0,2,8,57,75,0
635,2020-02-27,1748,2,7,0,0,0,0,0,0,3,9,54,75,0
636,2020-02-28,1273,2,7,0,0,0,0,0,0,4,6,48,81,0
637,2020-02-29,1049,2,7,0,0,0,0,0,0,5,8,57,84,0
638,2020-03-01,3484,3,7,0,0,0,0,0,0,6,1,66,88,0
639,2020-03-02,3714,3,7,0,0,0,0,0,0,0,6,57,75,0
640,2020-03-03,4270,3,7,0,0,0,0,0,0,1,4,50,77,0
641,2020-03-04,2819,3,7,0,0,0,0,0,0,2,7,50,79,0
642,2020-03-05,2834,3,7,0,0,0,0,0,0,3,10,52,82,0
643,2020-03-06,1356,3,7,0,0,0,0,0,0,4,11,55,88,0
644,2020-03-07,1514,3,7,0,0,0,0,0,0,5,8,63,86,0
645,2020-03-08,3642,3,7,0,0,0,0,0,0,6,6,59,79,0
646,2020-03-09,2919,3,7,0,0,0,0,0,0,0,5,55,79,0
647,2020-03-10,1653,3,7,0,0,0,0,0,0,1,13,52,82,0
648,2020-03-11,11018,3,7,0,0,0,0,0,0,2,14,57,82,0
649,2020-03-12,2435,3,7,0,0,0,0,0,0,3,9,57,82,0
650,2020-03-13,738,3,7,0,0,0,0,0,0,4,15,63,82,0
651,2020-03-14,498,3,7,0,0,0,0,0,0,5,17,70,82,0
652,2020-03-15,5906,3,7,0,0,0,0,0,0,6,10,63,82,0
653,2020-03-16,2352,3,7,0,0,0,0,0,0,0,17,61,82,0
654,2020-03-17,3348,3,7,0,0,0,0,0,0,1,0,61,84,0
655,2020-03-18,1968,3,7,0,0,0,0,0,0,2,1,70,90,0
656,2020-03-19,2160,3,7,0,0,0,0,0,0,3,3,63,82,0
657,2020-03-20,1084,3,7,0,0,0,0,0,0,4,4,59,84,0
658,2020-03-21,2481,3,7,0,0,0,0,0,0,5,4,66,86,0
659,2020-03-22,1361,3,7,0,0,0,0,0,0,6,3,61,77,0
660,2020-03-23,3130,3,7,0,0,0,0,0,0,0,3,52,77,0
661,2020-03-24,2001,3,7,0,0,0,0,0,0,1,5,52,82,0
662,2020-03-25,2477,3,8,0,0,0,0,0,0,2,5,59,86,0
663,2020-03-26,852,3,8,0,0,0,0,0,0,3,7,70,90,0
664,2020-03-27,2434,3,8,0,0,0,0,0,0,4,8,68,93,0
665,2020-03-28,2160,3,8,0,0,0,0,0,0,5,13,73,97,0
666,2020-03-29,483,3,8,0,0,0,0,0,0,6,8,68,84,0
667,2020-03-30,3299,3,8,0,0,0,0,0,0,0,13,63,84,0
668,2020-03-31,1266,3,8,0,0,0,0,0,0,1,8,59,84,0
669,2020-04-01,2863,4,8,0,0,0,0,0,0,2,4,68,90,0
670,2020-04-02,1754,4,8,0,0,0,0,0,0,3,17,72,95,0
671,2020-04-03,3471,4,8,0,0,0,0,0,0,4,5,70,95,0
672,2020-04-04,2361,4,8,0,0,0,0,0,0,5,17,66,90,0
673,2020-04-05,6796,4,8,0,0,0,0,0,0,6,14,70,91,0
674,2020-04-06,1911,4,8,0,0,0,0,0,0,0,22,73,95,0
675,2020-04-07,2569,4,8,0,0,0,0,0,0,1,22,77,100,0
676,2020-04-08,2393,4,8,0,0,0,0,0,0,2,3,75,102,0
677,2020-04-09,4666,4,8,0,0,0,0,0,0,3,4,77,104,0
678,2020-04-10,588,4,8,0,0,0,0,0,0,4,4,86,102,0
679,2020-04-11,1589,4,8,0,0,0,0,0,0,5,5,77,93,0
680,2020-04-12,1680,4,8,0,0,0,0,0,0,6,7,72,84,0
681,2020-04-13,788,4,8,0,0,0,0,0,0,0,7,64,77,1
682,2020-04-14,4790,4,8,0,0,0,0,0,0,1,7,57,84,0
683,2020-04-15,3064,4,8,0,0,0,0,0,0,2,7,63,82,1
684,2020-04-16,997,4,8,0,0,0,0,0,0,3,8,64,86,0
685,2020-04-17,6185,4,8,0,0,0,0,0,0,4,10,66,90,0
686,2020-04-18,9047,4,8,0,0,0,0,0,0,5,7,66,93,0
687,2020-04-19,5448,4,8,0,0,0,0,0,0,6,9,68,90,0
688,2020-04-20,618,4,8,0,0,0,0,0,0,0,10,63,82,0
689,2020-04-21,7345,4,8,0,0,0,0,0,0,1,13,63,82,1
690,2020-04-22,3007,4,8,0,0,0,0,0,0,2,11,64,91,0
691,2020-04-23,633,4,8,0,0,0,0,0,0,3,18,72,99,0
692,2020-04-24,3555,4,9,0,0,1,0,0,0,4,16,72,100,0
693,2020-04-25,1147,4,9,0,0,1,0,0,0,5,17,77,102,0
694,2020-04-26,4621,4,9,0,0,1,0,0,0,6,15,81,99,0
695,2020-04-27,3571,4,9,0,0,1,0,0,0,0,6,72,90,0
696,2020-04-28,706,4,9,0,0,1,0,0,0,1,3,70,95,0
697,2020-04-29,5019,4,9,0,0,1,0,0,0,2,17,79,99,0
698,2020-04-30,718,4,9,0,0,1,0,0,0,3,5,81,97,0
699,2020-05-01,847,5,9,0,0,1,0,0,0,4,7,73,97,0
700,2020-05-02,3176,5,9,0,0,1,0,0,0,5,2,77,100,0
701,2020-05-03,888,5,9,0,0,1,0,0,0,6,5,75,97,0
702,2020-05-04,1139,5,9,0,0,1,0,0,0,0,4,70,99,0
703,2020-05-05,742,5,9,0,0,1,0,0,0,1,4,79,102,1
704,2020-05-06,1183,5,9,0,1,1,1,0,0,2,4,81,100,0
705,2020-05-07,6342,5,9,0,1,1,1,0,0,3,5,77,93,0
706,2020-05-08,3574,5,9,0,1,1,1,0,0,4,8,73,91,0
707,2020-05-09,5478,5,9,0,1,1,1,0,0,5,9,77,104,0
708,2020-05-10,1134,5,9,0,1,1,1,0,0,6,13,82,102,0
709,2020-05-11,642,5,9,0,1,1,1,0,0,0,8,81,93,0
710,2020-05-12,1657,5,9,0,1,1,1,0,0,1,12,75,99,0
711,2020-05-13,2344,5,9,0,1,1,1,0,0,2,11,75,99,0
712,2020-05-14,467,5,9,0,1,1,1,0,0,3,11,72,100,0
713,2020-05-15,6451,5,9,0,1,1,1,0,0,4,14,73,99,0
714,2020-05-16,161,5,9,0,1,1,1,0,0,5,14,73,104,0
715,2020-05-17,1193,5,9,0,1,1,1,0,0,6,17,75,104,0
716,2020-05-18,1960,5,9,0,1,1,1,0,0,0,17,73,106,0
717,2020-05-19,141,5,9,0,1,1,1,0,0,1,18,82,104,0
718,2020-05-20,2078,5,9,0,1,1,1,0,0,2,19,81,104,0
719,2020-05-21,200,5,9,0,1,1,1,0,0,3,19,79,106,0
720,2020-05-22,120,5,9,0,1,1,1,0,0,4,15,72,104,0
721,2020-05-23,120,5,9,0,1,1,1,0,0,5,0,75,104,0
722,2020-05-24,134,5,10,0,1,0,1,0,0,6,23,77,108,0
723,2020-05-25,504,5,10,0,1,0,1,0,0,0,1,81,106,0
724,2020-05-26,1864,5,10,0,1,0,1,0,0,1,3,79,100,0
725,2020-05-27,700,5,10,0,1,0,1,0,0,2,2,75,104,0
726,2020-05-28,1278,5,10,0,1,0,1,0,0,3,9,77,111,0
727,2020-05-29,954,5,10,0,1,0,1,0,0,4,9,79,109,0
728,2020-05-30,2877,5,10,0,0,0,0,0,0,5,9,79,108,0
729,2020-05-31,4712,5,10,0,0,0,0,0,0,6,8,82,109,0
730,2020-06-01,2153,6,10,0,0,0,0,0,0,0,9,79,109,0
731,2020-06-02,1189,6,10,0,0,0,0,0,0,1,3,81,109,0
732,2020-06-03,1080,6,10,0,0,0,0,0,0,2,10,82,109,0
733,2020-06-04,2327,6,10,0,0,0,0,0,0,3,5,82,109,0
734,2020-06-05,3176,6,10,0,0,0,0,0,0,4,6,84,111,0
735,2020-06-06,1917,6,10,0,0,0,0,0,0,5,9,84,109,0
736,2020-06-07,861,6,10,0,0,0,0,0,0,6,9,82,109,0
737,2020-06-08,479,6,10,0,0,0,0,0,0,0,11,81,109,0
738,2020-06-09,422,6,10,0,0,0,0,0,0,1,12,86,109,0
739,2020-06-10,1628,6,10,0,0,0,0,0,0,2,10,84,111,0
740,2020-06-11,2436,6,10,1,0,0,0,0,0,3,8,82,111,0
741,2020-06-12,1856,6,10,1,0,0,0,0,0,4,11,82,113,0
742,2020-06-13,5122,6,10,1,0,0,0,0,0,5,15,81,109,0
743,2020-06-14,4882,6,10,1,0,0,0,0,0,6,18,81,106,0
744,2020-06-15,6104,6,10,1,0,0,0,0,0,0,15,79,109,0
745,2020-06-16,1686,6,10,1,0,0,0,0,0,1,4,81,115,0
746,2020-06-17,1071,6,10,1,0,0,0,0,0,2,18,84,113,0
747,2020-06-18,8584,6,10,1,0,0,0,0,0,3,16,81,109,0
748,2020-06-19,986,6,10,1,0,0,0,0,0,4,2,81,108,0
749,2020-06-20,1059,6,10,1,0,0,0,0,0,5,22,75,111,0
750,2020-06-21,3197,6,10,1,0,0,0,0,0,6,21,79,104,0
751,2020-06-22,1175,6,11,1,0,0,0,0,0,0,0,79,102,0
752,2020-06-23,1499,6,11,1,0,0,0,0,0,1,3,79,106,0
753,2020-06-24,1667,6,11,1,0,0,0,0,0,2,3,81,104,0
754,2020-06-25,1043,6,11,1,0,0,0,0,0,3,3,82,104,0
755,2020-06-26,769,6,11,1,0,0,0,0,0,4,6,81,108,0
756,2020-06-27,1007,6,11,1,0,0,0,0,0,5,7,82,111,0
757,2020-06-28,1195,6,11,1,0,0,0,0,0,6,7,81,113,0
758,2020-06-29,1693,6,11,1,0,0,0,0,0,0,6,81,115,0
759,2020-06-30,1040,6,11,1,0,0,0,0,0,1,7,84,113,0
760,2020-07-01,1255,7,11,1,0,0,0,0,0,2,8,82,113,0
761,2020-07-02,1695,7,11,1,0,0,0,0,0,3,10,88,111,0
762,2020-07-03,561,7,11,1,0,0,0,0,0,4,10,86,109,0
763,2020-07-04,1242,7,11,1,0,0,0,0,0,5,16,84,115,0
764,2020-07-05,1205,7,11,1,0,0,0,0,0,6,14,84,115,0
765,2020-07-06,1379,7,11,1,0,0,0,0,0,0,13,81,115,0
766,2020-07-07,1616,7,11,1,0,0,0,0,0,1,15,86,117,0
767,2020-07-08,1385,7,11,1,0,0,0,0,0,2,15,86,113,0
768,2020-07-09,1543,7,11,1,0,0,0,0,0,3,19,86,113,0
769,2020-07-10,939,7,11,1,0,0,0,0,0,4,13,84,113,0
770,2020-07-11,575,7,11,1,0,0,0,0,0,5,3,86,113,0
771,2020-07-12,1879,7,11,1,0,0,0,0,0,6,22,84,113,0
772,2020-07-13,964,7,11,1,0,0,0,0,0,0,3,90,109,0
773,2020-07-14,5423,7,11,1,0,0,0,0,0,1,12,93,111,0
774,2020-07-15,2406,7,11,1,0,0,0,0,0,2,5,88,115,0
775,2020-07-16,1827,7,11,1,0,0,0,0,0,3,6,90,109,0
776,2020-07-17,547,7,11,1,0,0,0,0,0,4,8,86,111,0
777,2020-07-18,1615,7,11,1,0,0,0,0,0,5,8,88,111,0
778,2020-07-19,574,7,11,1,0,0,0,0,0,6,9,82,109,0
779,2020-07-20,2221,7,11,1,0,0,0,0,0,0,1,88,113,0
780,2020-07-21,724,7,11,1,0,0,0,0,0,1,10,95,111,0
781,2020-07-22,1977,7,12,1,0,0,0,0,0,2,6,88,111,0
782,2020-07-23,3232,7,12,1,0,0,0,0,0,3,10,88,111,0
783,2020-07-24,1128,7,12,1,0,0,0,0,0,4,18,91,109,0
784,2020-07-25,1373,7,12,1,0,0,0,0,0,5,12,90,108,0
785,2020-07-26,3340,7,12,1,0,0,0,0,0,6,12,91,108,0
786,2020-07-27,1049,7,12,1,0,0,0,0,0,0,14,88,113,0
787,2020-07-28,2274,7,12,1,0,0,0,0,0,1,14,86,115,0
788,2020-07-29,1226,7,12,1,0,0,0,0,0,2,18,93,115,0
789,2020-07-30,1285,7,12,1,0,0,0,0,0,3,18,90,117,0
790,2020-07-31,610,7,12,1,0,0,0,0,0,4,3,91,115,0
791,2020-08-01,3531,8,12,1,0,0,0,0,0,5,21,90,115,0
792,2020-08-02,1446,8,12,1,0,0,0,0,0,6,20,95,115,0
793,2020-08-03,3784,8,12,1,0,0,0,0,0,0,13,88,115,0
794,2020-08-04,3337,8,12,1,0,0,0,0,0,1,5,84,113,0
795,2020-08-05,820,8,12,1,0,0,0,0,0,2,4,84,109,0
796,2020-08-06,4631,8,12,1,0,0,0,0,0,3,5,84,108,0
797,2020-08-07,2362,8,12,1,0,0,0,0,0,4,5,86,109,0
798,2020-08-08,1563,8,12,1,0,0,0,0,0,5,3,84,109,0
799,2020-08-09,2096,8,12,1,0,0,0,0,0,6,7,81,109,0
800,2020-08-10,1214,8,12,1,0,0,0,0,0,0,8,82,108,0
801,2020-08-11,1953,8,12,1,0,0,0,0,0,1,7,82,106,0
802,2020-08-12,5742,8,12,1,0,0,0,0,0,2,12,81,106,0
803,2020-08-13,4821,8,12,1,0,0,0,0,0,3,8,79,108,0
804,2020-08-14,1356,8,12,1,0,0,0,0,0,4,11,82,109,0
805,2020-08-15,8046,8,12,1,0,0,0,0,0,5,11,81,109,0
806,2020-08-16,4930,8,12,1,0,0,0,0,0,6,9,79,109,0
807,2020-08-17,737,8,12,1,0,0,0,0,0,0,9,82,109,0
808,2020-08-18,1639,8,12,1,0,0,0,0,0,1,10,81,109,0
809,2020-08-19,2240,8,12,1,0,0,0,0,0,2,10,75,108,0
810,2020-08-20,3413,8,1,1,0,0,0,0,0,3,14,77,108,0
811,2020-08-21,222,8,1,1,0,0,0,0,0,4,6,79,111,0
812,2020-08-22,516,8,1,1,0,0,0,0,0,5,12,81,111,0
813,2020-08-23,1098,8,1,1,0,0,0,0,0,6,17,82,115,0
814,2020-08-24,609,8,1,1,0,0,0,0,0,0,18,82,115,0
815,2020-08-25,1989,8,1,1,0,0,0,0,0,1,3,86,108,0
816,2020-08-26,898,8,1,1,0,0,0,0,0,2,22,84,106,0
817,2020-08-27,1549,8,1,1,0,0,0,0,0,3,21,79,106,0
818,2020-08-28,3097,8,1,1,0,0,0,0,0,4,2,77,108,0
819,2020-08-29,1393,8,1,0,0,0,0,0,0,5,3,79,106,0
820,2020-08-30,1038,8,1,0,0,0,0,0,0,6,2,79,106,0
821,2020-08-31,1631,8,1,0,0,0,0,0,0,0,0,77,106,0
822,2020-09-01,1300,9,1,0,0,0,0,0,0,1,6,82,104,0
823,2020-09-02,3120,9,1,0,0,0,0,0,0,2,8,86,104,0
824,2020-09-03,2335,9,1,0,0,0,0,0,0,3,6,82,106,0
825,2020-09-04,2418,9,1,0,0,0,0,0,0,4,9,81,108,0
826,2020-09-05,3957,9,1,0,0,0,0,0,0,5,8,81,109,0
827,2020-09-06,1992,9,1,0,0,0,0,0,0,6,3,81,106,0
828,2020-09-07,1645,9,1,0,0,0,0,0,0,0,6,82,104,0
829,2020-09-08,2970,9,1,0,0,0,0,0,0,1,8,77,104,0
830,2020-09-09,2977,9,1,0,0,0,0,0,0,2,12,79,109,0
831,2020-09-10,654,9,1,0,0,0,0,0,0,3,8,79,109,0
832,2020-09-11,1130,9,1,0,0,0,0,0,0,4,10,84,109,0
833,2020-09-12,2730,9,1,0,0,0,0,0,0,5,11,81,106,0
834,2020-09-13,2915,9,1,0,0,0,0,0,0,6,8,77,106,0
835,2020-09-14,4291,9,1,0,0,0,0,0,0,0,8,79,108,0
836,2020-09-15,1045,9,1,0,0,0,0,0,0,1,14,82,108,0
837,2020-09-16,790,9,1,0,0,0,0,0,0,2,23,81,108,0
838,2020-09-17,555,9,1,0,0,0,0,0,0,3,4,75,106,0
839,2020-09-18,524,9,2,0,0,0,0,0,0,4,14,79,106,0
840,2020-09-19,1498,9,2,0,0,0,0,0,1,5,15,77,104,0
841,2020-09-20,809,9,2,0,0,0,0,0,1,6,1,75,104,0
842,2020-09-21,1573,9,2,0,0,0,0,0,1,0,18,79,104,0
843,2020-09-22,3403,9,2,0,0,0,0,1,1,1,12,75,104,0
844,2020-09-23,557,9,2,0,0,0,0,0,1,2,17,77,104,0
845,2020-09-24,842,9,2,0,0,0,0,0,1,3,23,75,104,0
846,2020-09-25,1395,9,2,0,0,0,0,0,1,4,21,77,102,0
847,2020-09-26,2776,9,2,0,0,0,0,0,0,5,11,72,106,0
848,2020-09-27,1048,9,2,0,0,0,0,0,0,6,23,75,106,0
849,2020-09-28,3316,9,2,0,0,0,0,0,0,0,22,79,102,0
850,2020-09-29,5500,9,2,0,0,0,0,0,0,1,6,77,100,0
851,2020-09-30,7532,9,2,0,0,0,0,0,0,2,4,72,100,0
852,2020-10-01,2072,10,2,0,0,0,0,0,0,3,9,70,102,0
853,2020-10-02,2880,10,2,0,0,0,0,0,0,4,2,72,102,0
854,2020-10-03,4040,10,2,0,0,0,0,0,0,5,8,72,99,0
855,2020-10-04,6175,10,2,0,0,0,0,0,0,6,6,72,102,0
856,2020-10-05,878,10,2,0,0,0,0,0,0,0,8,70,104,0
857,2020-10-06,3879,10,2,0,0,0,0,0,0,1,9,73,102,0
858,2020-10-07,8243,10,2,0,0,0,0,0,0,2,11,75,99,0
859,2020-10-08,6837,10,2,0,0,0,0,0,0,3,12,70,97,0
860,2020-10-09,5253,10,2,0,0,0,0,0,0,4,14,66,95,0
861,2020-10-10,6070,10,2,0,0,0,0,0,0,5,14,68,93,0
862,2020-10-11,5106,10,2,0,0,0,0,0,0,6,14,63,91,0
863,2020-10-12,1957,10,2,0,0,0,0,0,0,0,10,63,91,0
864,2020-10-13,3109,10,2,0,0,0,0,0,0,1,18,64,91,0
865,2020-10-14,1507,10,2,0,0,0,0,0,0,2,19,61,91,0
866,2020-10-15,2917,10,2,0,0,0,0,0,0,3,15,61,95,0
867,2020-10-16,1664,10,2,0,0,0,0,0,0,4,19,61,90,0
868,2020-10-17,3833,10,2,0,0,0,0,0,0,5,2,63,91,0
869,2020-10-18,7047,10,3,0,0,0,0,0,0,6,21,68,90,0
870,2020-10-19,10025,10,3,0,0,0,0,0,0,0,4,61,90,0
871,2020-10-20,4421,10,3,0,0,0,0,0,0,1,6,59,90,0
872,2020-10-21,3961,10,3,0,0,0,0,0,0,2,6,61,90,0
873,2020-10-22,3228,10,3,0,0,0,0,0,0,3,6,59,90,0
874,2020-10-23,3721,10,3,0,0,0,0,0,0,4,6,64,91,0
875,2020-10-24,3468,10,3,0,0,0,0,0,0,5,7,55,88,0
876,2020-10-25,7323,10,3,0,0,0,0,0,0,6,13,57,86,0
877,2020-10-26,4943,10,3,0,0,0,0,0,0,0,6,57,90,0
878,2020-10-27,3720,10,3,0,0,0,0,0,0,1,9,61,90,0
879,2020-10-28,3398,10,3,0,0,0,0,0,0,2,12,59,88,0
880,2020-10-29,2332,10,3,0,0,0,0,0,0,3,9,57,88,0
881,2020-10-30,543,10,3,0,0,0,0,0,0,4,20,57,88,0
882,2020-10-31,2147,10,3,0,0,0,0,0,0,5,16,59,86,0
883,2020-11-01,1669,11,3,0,0,0,0,0,0,6,8,59,86,0
884,2020-11-02,1410,11,3,0,0,0,0,0,0,0,0,57,88,0
885,2020-11-03,454,11,3,0,0,0,0,0,0,1,6,59,88,0
886,2020-11-04,866,11,3,0,0,0,0,0,0,2,9,57,90,0
887,2020-11-05,737,11,3,0,0,0,0,0,0,3,13,59,90,0
888,2020-11-06,756,11,3,0,0,0,0,0,0,4,13,57,88,0
889,2020-11-07,1559,11,3,0,0,0,0,0,0,5,13,63,88,0
890,2020-11-08,2908,11,3,0,0,0,0,0,0,6,17,64,70,0
891,2020-11-09,4449,11,3,0,0,0,0,0,0,0,10,73,81,0
892,2020-11-10,770,11,3,0,0,0,0,0,0,1,6,66,88,0
893,2020-11-11,1873,11,3,0,0,0,0,0,0,2,22,68,93,0
894,2020-11-12,3113,11,3,0,0,0,0,0,0,3,1,68,90,0
895,2020-11-13,2230,11,3,0,0,0,0,0,0,4,23,63,88,0
896,2020-11-14,3328,11,3,0,0,0,0,0,0,5,2,63,77,0
897,2020-11-15,3788,11,3,0,0,0,0,0,0,6,2,57,81,0
898,2020-11-16,2781,11,4,0,0,0,0,0,0,0,0,64,86,0
899,2020-11-17,2298,11,4,0,0,0,0,0,0,1,6,64,86,0
900,2020-11-18,3928,11,4,0,0,0,0,0,0,2,16,64,79,0
901,2020-11-19,10008,11,4,0,0,0,0,0,0,3,3,59,82,0
902,2020-11-20,4056,11,4,0,0,0,0,0,0,4,6,64,82,0
903,2020-11-21,7746,11,4,0,0,0,0,0,0,5,10,66,86,0
904,2020-11-22,1769,11,4,0,0,0,0,0,0,6,10,63,79,0
905,2020-11-23,4243,11,4,0,0,0,0,0,0,0,6,55,79,0
906,2020-11-24,4313,11,4,0,0,0,0,0,0,1,9,54,77,0
907,2020-11-25,2739,11,4,0,0,0,0,0,0,2,13,52,79,0
908,2020-11-26,242,11,4,0,0,0,0,0,0,3,7,57,81,0
909,2020-11-27,2151,11,4,0,0,0,0,0,0,4,21,66,75,0
910,2020-11-28,1606,11,4,0,0,0,0,0,0,5,9,61,77,1
911,2020-11-29,4145,11,4,0,0,0,0,0,0,6,15,61,79,0
912,2020-11-30,2891,11,4,0,0,0,0,0,0,0,10,59,66,0
913,2020-12-01,2895,12,4,0,0,0,0,0,0,1,2,57,66,1
914,2020-12-02,4846,12,4,0,0,0,0,0,0,2,2,63,73,0
915,2020-12-03,5371,12,4,0,0,0,0,0,0,3,3,61,81,0
916,2020-12-04,1159,12,4,0,0,0,0,0,0,4,3,63,81,0
917,2020-12-05,1469,12,4,0,0,0,0,0,0,5,2,63,81,0
918,2020-12-06,6020,12,4,0,0,0,0,0,0,6,1,57,75,0
919,2020-12-07,4419,12,4,0,0,0,0,0,0,0,4,50,70,0
920,2020-12-08,5466,12,4,0,0,0,0,0,0,1,5,48,72,0
921,2020-12-09,4627,12,4,0,0,0,0,0,0,2,9,48,77,0
922,2020-12-10,4184,12,4,0,0,0,0,0,0,3,8,54,73,0
923,2020-12-11,5326,12,4,0,0,0,0,0,0,4,9,48,70,0
924,2020-12-12,2862,12,4,0,0,0,0,0,0,5,12,48,72,0
925,2020-12-13,2823,12,4,0,0,0,0,0,0,6,7,46,73,0
926,2020-12-14,3582,12,4,0,0,0,0,0,0,0,16,45,75,0
927,2020-12-15,4693,12,4,0,0,0,0,0,0,1,10,48,73,0
928,2020-12-16,4292,12,5,0,0,0,0,0,0,2,7,54,77,0
929,2020-12-17,5294,12,5,0,0,0,0,0,0,3,10,54,79,0
930,2020-12-18,2342,12,5,0,0,0,0,0,0,4,15,54,70,0
931,2020-12-19,4639,12,5,0,0,0,0,0,0,5,7,54,66,0
932,2020-12-20,1092,12,5,0,0,0,0,0,0,6,9,54,66,0
933,2020-12-21,3197,12,5,0,0,0,0,0,0,0,11,50,68,0
934,2020-12-22,2818,12,5,0,0,0,0,0,0,1,6,48,72,0
935,2020-12-23,2159,12,5,0,0,0,0,0,0,2,10,50,75,0
936,2020-12-24,2188,12,5,0,0,0,0,0,0,3,11,52,73,0
937,2020-12-25,2331,12,5,0,0,0,0,0,0,4,14,48,66,0
938,2020-12-26,1770,12,5,0,0,0,0,0,0,5,16,46,61,0
939,2020-12-27,778,12,5,0,0,0,0,0,0,6,18,41,63,0
940,2020-12-28,1461,12,5,0,0,0,0,0,0,0,20,45,66,0
941,2020-12-29,2125,12,5,0,0,0,0,0,0,1,5,46,61,0
942,2020-12-30,3899,12,5,0,0,0,0,0,0,2,21,45,68,0
943,2020-12-31,404,12,5,0,1,0,0,0,0,3,2,45,68,0
944,2021-01-01,638,1,5,0,1,0,0,0,0,4,4,55,66,1
945,2021-01-02,475,1,5,0,1,0,0,0,0,5,2,50,72,0
946,2021-01-03,2997,1,5,0,1,0,0,0,0,6,22,52,73,0
947,2021-01-04,2647,1,5,0,1,0,0,0,0,0,7,55,68,1
948,2021-01-05,2291,1,5,0,1,0,0,0,0,1,7,52,70,0
949,2021-01-06,4416,1,5,0,1,0,0,0,0,2,6,52,72,0
950,2021-01-07,2995,1,5,0,1,0,0,0,0,3,9,52,68,1
951,2021-01-08,2765,1,5,0,1,0,0,0,0,4,9,52,57,1
952,2021-01-09,1199,1,5,0,1,0,0,0,0,5,4,46,64,0
953,2021-01-10,2363,1,5,0,1,0,0,0,0,6,7,46,66,0
954,2021-01-11,2207,1,5,0,1,0,0,0,0,0,1,46,70,0
955,2021-01-12,776,1,5,0,1,0,0,0,0,1,11,45,66,0
956,2021-01-13,2087,1,5,0,1,0,0,0,0,2,12,37,70,0
957,2021-01-14,3984,1,6,0,1,0,0,0,0,3,13,41,73,0
958,2021-01-15,601,1,6,0,1,0,0,0,0,4,16,50,77,0
959,2021-01-16,335,1,6,0,1,0,0,0,0,5,13,57,73,0
960,2021-01-17,814,1,6,0,0,0,0,0,0,6,14,59,77,0
961,2021-01-18,1426,1,6,0,0,0,0,0,0,0,19,50,77,0
962,2021-01-19,445,1,6,0,0,0,0,0,0,1,5,50,70,0
963,2021-01-20,353,1,6,0,0,0,0,0,0,2,8,55,81,0
964,2021-01-21,2924,1,6,0,0,0,0,0,0,3,21,46,63,0
965,2021-01-22,562,1,6,0,0,0,0,0,0,4,5,39,61,0
966,2021-01-23,2202,1,6,0,0,0,0,0,0,5,1,41,64,0
967,2021-01-24,811,1,6,0,0,0,0,0,0,6,7,41,70,0
968,2021-01-25,1036,1,6,0,0,0,0,0,0,0,6,46,73,0
969,2021-01-26,742,1,6,0,0,0,0,0,0,1,8,46,77,0
970,2021-01-27,1582,1,6,0,0,0,0,0,0,2,11,46,75,0
971,2021-01-28,1635,1,6,0,0,0,0,0,0,3,12,55,79,0
972,2021-01-29,588,1,6,0,0,0,0,0,0,4,0,59,82,0
973,2021-01-30,2688,1,6,0,0,0,0,0,0,5,1,55,70,0
974,2021-01-31,4335,1,6,0,0,0,0,0,0,6,11,45,72,0
975,2021-02-01,2174,2,6,0,0,0,0,0,0,0,5,50,73,0
976,2021-02-02,1912,2,6,0,0,0,0,0,0,1,8,48,75,0
977,2021-02-03,1706,2,6,0,0,0,0,0,0,2,5,52,77,0
978,2021-02-04,764,2,6,0,0,0,0,0,0,3,13,52,81,0
979,2021-02-05,3556,2,6,0,0,0,0,0,0,4,12,57,81,0
980,2021-02-06,1942,2,6,0,0,0,0,0,0,5,13,59,70,0
981,2021-02-07,3230,2,6,0,0,0,0,0,0,6,8,54,70,0
982,2021-02-08,2351,2,6,0,0,0,0,0,0,0,15,54,66,0
983,2021-02-09,1689,2,6,0,0,0,0,0,0,1,19,48,73,0
984,2021-02-10,3820,2,6,0,0,0,0,0,0,2,13,48,77,0
985,2021-02-11,2271,2,6,0,0,0,0,0,0,3,3,48,79,0
986,2021-02-12,2007,2,6,0,0,0,0,0,0,4,22,50,81,0
987,2021-02-13,1839,2,7,0,0,0,0,0,0,5,5,50,79,0
988,2021-02-14,902,2,7,0,0,0,0,0,0,6,21,52,82,0
989,2021-02-15,2325,2,7,0,0,0,0,0,0,0,21,54,82,0
990,2021-02-16,4424,2,7,0,0,0,0,0,0,1,1,54,86,0
991,2021-02-17,3363,2,7,0,0,0,0,0,0,2,7,63,88,0
992,2021-02-18,4325,2,7,0,0,0,0,0,0,3,6,55,79,0
993,2021-02-19,3932,2,7,0,0,0,0,0,0,4,1,52,64,1
994,2021-02-20,1316,2,7,0,0,0,0,0,0,5,5,52,57,1
995,2021-02-21,2753,2,7,0,0,0,0,0,0,6,8,50,61,1
996,2021-02-22,1519,2,7,0,0,0,0,0,0,0,10,50,70,0
997,2021-02-23,1441,2,7,0,0,0,0,0,0,1,4,55,70,0
998,2021-02-24,1870,2,7,0,0,0,0,0,0,2,5,52,73,0
999,2021-02-25,1572,2,7,0,0,0,0,0,0,3,7,54,70,0
1000,2021-02-26,1302,2,7,0,0,0,0,0,0,4,12,45,73,0
1001,2021-02-27,2091,2,7,0,0,0,0,0,0,5,6,46,73,0
1002,2021-02-28,1811,2,7,0,0,0,0,0,0,6,10,54,81,0
1003,2021-03-01,5059,3,7,0,0,0,0,0,0,0,13,63,81,0
1004,2021-03-02,2284,3,7,0,0,0,0,0,0,1,11,55,77,0
1005,2021-03-03,915,3,7,0,0,0,0,0,0,2,7,57,77,0
1006,2021-03-04,254,3,7,0,0,0,0,0,0,3,14,61,88,0
1007,2021-03-05,380,3,7,0,0,0,0,0,0,4,15,61,77,0
1008,2021-03-06,1187,3,7,0,0,0,0,0,0,5,16,55,75,0
1009,2021-03-07,1837,3,7,0,0,0,0,0,0,6,2,54,81,0
1010,2021-03-08,394,3,7,0,0,0,0,0,0,0,9,59,88,0
1011,2021-03-09,1501,3,7,0,0,0,0,0,0,1,1,63,93,0
1012,2021-03-10,2103,3,7,0,0,0,0,0,0,2,21,61,84,0
1013,2021-03-11,2132,3,7,0,0,0,0,0,0,3,0,63,86,0
1014,2021-03-12,1023,3,7,0,0,0,0,0,0,4,23,70,97,0
1015,2021-03-13,381,3,7,0,0,0,0,0,0,5,17,61,77,0
1016,2021-03-14,1546,3,8,0,0,0,0,0,0,6,4,57,79,0
1017,2021-03-15,1862,3,8,0,0,0,0,0,0,0,5,64,88,0
1018,2021-03-16,718,3,8,0,0,0,0,0,0,1,20,72,93,0
1019,2021-03-17,570,3,8,0,0,0,0,0,0,2,10,72,99,0
1020,2021-03-18,2288,3,8,0,0,0,0,0,0,3,9,72,99,0
1021,2021-03-19,1864,3,8,0,0,0,0,0,0,4,11,68,90,0
1022,2021-03-20,1155,3,8,0,0,0,0,0,0,5,6,64,84,0
1023,2021-03-21,2057,3,8,0,0,0,0,0,0,6,3,57,93,0
1024,2021-03-22,369,3,8,0,0,0,0,0,0,0,14,70,95,0
1025,2021-03-23,1894,3,8,0,0,0,0,0,0,1,11,72,99,0
1026,2021-03-24,1266,3,8,0,0,0,0,0,0,2,20,73,100,0
1027,2021-03-25,2777,3,8,0,0,0,0,0,0,3,1,73,100,0
1028,2021-03-26,711,3,8,0,0,0,0,0,0,4,21,66,99,0
1029,2021-03-27,2184,3,8,0,0,0,0,0,0,5,12,73,99,0
1030,2021-03-28,592,3,8,0,0,0,0,0,0,6,22,59,75,0
1031,2021-03-29,926,3,8,0,0,0,0,0,0,0,21,55,79,0
1032,2021-03-30,1061,3,8,0,0,0,0,0,0,1,22,54,84,0
1033,2021-03-31,1834,3,8,0,0,0,0,0,0,2,23,64,95,0
1034,2021-04-01,867,4,8,0,0,0,0,0,0,3,0,72,100,0
1035,2021-04-02,7460,4,8,0,0,0,0,0,0,4,3,72,100,0
1036,2021-04-03,723,4,8,0,0,0,0,0,0,5,5,68,86,0
1037,2021-04-04,662,4,8,0,0,0,0,0,0,6,7,61,79,0
1038,2021-04-05,1788,4,8,0,0,0,0,0,0,0,6,61,81,0
1039,2021-04-06,1329,4,8,0,0,0,0,0,0,1,9,59,88,0
1040,2021-04-07,953,4,8,0,0,0,0,0,0,2,9,63,93,0
1041,2021-04-08,751,4,8,0,0,0,0,0,0,3,10,66,100,0
1042,2021-04-09,6684,4,8,0,0,0,0,0,0,4,12,72,100,0
1043,2021-04-10,4209,4,8,0,0,0,0,0,0,5,11,70,99,0
1044,2021-04-11,1731,4,8,0,0,0,0,0,0,6,9,77,99,0
1045,2021-04-12,2148,4,8,0,0,0,0,0,0,0,9,70,97,0
1046,2021-04-13,354,4,9,0,0,1,0,0,0,1,15,73,100,0
1047,2021-04-14,3416,4,9,0,0,1,0,0,0,2,12,72,90,0
1048,2021-04-15,1199,4,9,0,0,1,0,0,0,3,12,68,88,0
1049,2021-04-16,724,4,9,0,0,1,0,0,0,4,18,70,90,0
1050,2021-04-17,1669,4,9,0,0,1,0,0,0,5,18,66,86,0
1051,2021-04-18,358,4,9,0,0,1,0,0,0,6,7,64,95,0
1052,2021-04-19,930,4,9,0,0,1,0,0,0,0,14,66,97,0
1053,2021-04-20,1531,4,9,0,0,1,0,0,0,1,8,68,99,0
1054,2021-04-21,1488,4,9,0,0,1,0,0,0,2,18,68,102,0
1055,2021-04-22,864,4,9,0,0,1,0,0,0,3,8,72,100,0
1056,2021-04-23,4687,4,9,0,0,1,0,0,0,4,22,72,100,0
1057,2021-04-24,2313,4,9,0,0,1,0,0,0,5,22,79,100,0
1058,2021-04-25,1167,4,9,0,0,1,0,0,0,6,4,72,100,0
1059,2021-04-26,4741,4,9,0,0,1,0,0,0,0,9,73,99,0
1060,2021-04-27,607,4,9,0,0,1,0,0,0,1,3,75,100,0
1061,2021-04-28,2816,4,9,0,0,1,0,0,0,2,14,77,97,1
1062,2021-04-29,1054,4,9,0,0,1,0,0,0,3,7,79,97,0
1063,2021-04-30,893,4,9,0,0,1,0,0,0,4,10,68,99,0
1064,2021-05-01,1473,5,9,0,0,1,0,0,0,5,8,66,99,0
1065,2021-05-02,1329,5,9,0,0,1,0,0,0,6,9,72,100,0
1066,2021-05-03,2370,5,9,0,0,1,0,0,0,0,9,77,97,0
1067,2021-05-04,2972,5,9,0,0,1,0,0,0,1,11,68,97,0
1068,2021-05-05,1106,5,9,0,0,1,0,0,0,2,16,70,99,0
1069,2021-05-06,739,5,9,0,0,1,0,0,0,3,14,75,102,0
1070,2021-05-07,1179,5,9,0,0,1,0,0,0,4,12,73,106,0
1071,2021-05-08,2129,5,9,0,0,1,0,0,0,5,14,77,102,0
1072,2021-05-09,1225,5,9,0,0,1,0,0,0,6,19,75,99,0
1073,2021-05-10,2180,5,9,0,0,1,0,0,0,0,7,75,104,0
1074,2021-05-11,1163,5,9,0,0,1,0,0,0,1,3,79,102,0
1075,2021-05-12,863,5,9,0,0,1,0,0,0,2,21,79,106,0
1076,2021-05-13,8471,5,10,0,0,0,0,0,0,3,0,88,106,0
1077,2021-05-14,3046,5,10,0,0,0,0,0,0,4,23,86,106,0
1078,2021-05-15,3083,5,10,0,0,0,0,0,0,5,23,84,106,0
1079,2021-05-16,4188,5,10,0,0,0,0,0,0,6,7,79,106,0
1080,2021-05-17,9573,5,10,0,0,0,0,0,0,0,7,84,106,0
1081,2021-05-18,5784,5,10,0,0,0,0,0,0,1,6,81,108,0
1082,2021-05-19,1782,5,10,0,0,0,0,0,0,2,10,79,108,0
1083,2021-05-20,5007,5,10,0,0,0,0,0,0,3,8,77,108,0
1084,2021-05-21,1749,5,10,0,0,0,0,0,0,4,11,75,108,0
1085,2021-05-22,1983,5,10,0,0,0,0,0,0,5,9,81,109,0
1086,2021-05-23,3882,5,10,0,0,0,0,0,0,6,8,84,109,0
1087,2021-05-24,2273,5,10,0,0,0,0,0,0,0,16,82,108,0
1088,2021-05-25,3534,5,10,0,0,0,0,0,0,1,18,91,111,0
1089,2021-05-26,2542,5,10,0,0,0,0,0,0,2,18,84,104,0
1090,2021-05-27,4208,5,10,0,0,0,0,0,0,3,17,75,108,0
1091,2021-05-28,2631,5,10,0,0,0,0,0,0,4,19,79,111,0
1092,2021-05-29,5116,5,10,0,0,0,0,0,0,5,20,84,111,0
1093,2021-05-30,6784,5,10,0,0,0,0,0,0,6,5,81,111,0
1094,2021-05-31,1793,5,10,0,0,0,0,0,0,0,3,81,109,0
1095,2021-06-01,563,6,10,0,0,0,0,0,0,1,3,84,108,0
1096,2021-06-02,2309,6,10,0,0,0,0,0,0,2,23,84,109,0
1097,2021-06-03,603,6,10,1,0,0,0,0,0,3,4,82,111,0
1098,2021-06-04,1890,6,10,1,0,0,0,0,0,4,5,84,113,0
1099,2021-06-05,6235,6,10,1,0,0,0,0,0,5,3,84,115,0
1100,2021-06-06,2347,6,10,1,0,0,0,0,0,6,9,90,117,0
1101,2021-06-07,4384,6,10,1,0,0,0,0,0,0,6,86,111,0
1102,2021-06-08,794,6,10,1,0,0,0,0,0,1,11,86,108,0
1103,2021-06-09,3671,6,10,1,0,0,0,0,0,2,9,82,111,0
1104,2021-06-10,2947,6,10,1,0,0,0,0,0,3,9,82,108,0
1105,2021-06-11,1589,6,11,1,0,0,0,0,0,4,10,84,108,0
1106,2021-06-12,2047,6,11,1,0,0,0,0,0,5,1,81,106,0
1107,2021-06-13,6756,6,11,1,0,0,0,0,0,6,16,79,104,0
1108,2021-06-14,1989,6,11,1,0,0,0,0,0,0,4,82,106,0
1109,2021-06-15,2559,6,11,1,0,0,0,0,0,1,7,77,111,0
1110,2021-06-16,1689,6,11,1,0,0,0,0,0,2,17,84,109,0
1111,2021-06-17,2464,6,11,1,0,0,0,0,0,3,15,82,106,0
1112,2021-06-18,1831,6,11,1,0,0,0,0,0,4,11,79,104,0
1113,2021-06-19,439,6,11,1,0,0,0,0,0,5,19,77,108,0
1114,2021-06-20,3568,6,11,1,0,0,0,0,0,6,3,77,108,0
1115,2021-06-21,4023,6,11,1,0,0,0,0,0,0,1,77,108,0
1116,2021-06-22,1607,6,11,1,0,0,0,0,0,1,22,79,109,0
1117,2021-06-23,1362,6,11,1,0,0,0,0,0,2,1,84,109,0
1118,2021-06-24,2689,6,11,1,0,0,0,0,0,3,21,81,109,0
1119,2021-06-25,1478,6,11,1,0,0,0,0,0,4,5,84,109,0
1120,2021-06-26,3932,6,11,1,0,0,0,0,0,5,2,79,111,0
1121,2021-06-27,6027,6,11,1,0,0,0,0,0,6,3,88,111,0
1122,2021-06-28,1761,6,11,1,0,0,0,0,0,0,8,82,113,0
1123,2021-06-29,1049,6,11,1,0,0,0,0,0,1,12,84,111,0
1124,2021-06-30,1299,6,11,1,0,0,0,0,0,2,11,82,113,0
1125,2021-07-01,998,7,11,1,0,0,0,0,0,3,5,84,113,0
1126,2021-07-02,856,7,11,1,0,0,0,0,0,4,3,82,115,0
1127,2021-07-03,2713,7,11,1,0,0,0,0,0,5,10,88,115,0
1128,2021-07-04,791,7,11,1,0,0,0,0,0,6,9,84,113,0
1129,2021-07-05,2138,7,11,1,0,0,0,0,0,0,9,84,111,0
1130,2021-07-06,872,7,11,1,0,0,0,0,0,1,10,81,109,0
1131,2021-07-07,1086,7,11,1,0,0,0,0,0,2,11,79,111,0
1132,2021-07-08,340,7,11,1,0,0,0,0,0,3,13,86,113,0
1133,2021-07-09,6098,7,11,1,0,0,0,0,0,4,16,82,115,0
1134,2021-07-10,712,7,11,1,0,0,0,0,0,5,9,84,115,0
1135,2021-07-11,2988,7,12,1,0,0,0,0,0,6,17,84,115,0
1136,2021-07-12,922,7,12,1,0,0,0,0,0,0,18,86,118,0
1137,2021-07-13,3389,7,12,1,0,0,0,0,0,1,20,88,113,0
1138,2021-07-14,1883,7,12,1,0,0,0,0,0,2,7,86,111,0
1139,2021-07-15,1446,7,12,1,0,0,0,0,0,3,2,84,113,0
1140,2021-07-16,1078,7,12,1,0,0,0,0,0,4,5,84,109,0
1141,2021-07-17,1556,7,12,1,0,0,0,0,0,5,6,90,104,0
1142,2021-07-18,1663,7,12,1,0,0,0,0,0,6,5,86,100,0
1143,2021-07-19,4217,7,12,1,0,0,0,0,0,0,7,88,106,0
1144,2021-07-20,637,7,12,1,0,0,0,0,0,1,7,91,113,0
1145,2021-07-21,1862,7,12,1,0,0,0,0,0,2,6,90,111,0
1146,2021-07-22,2126,7,12,1,0,0,0,0,0,3,8,91,113,1
1147,2021-07-23,5144,7,12,1,0,0,0,0,0,4,16,90,115,0
1148,2021-07-24,5909,7,12,1,0,0,0,0,0,5,10,84,113,0
1149,2021-07-25,5022,7,12,1,0,0,0,0,0,6,10,86,111,0
1150,2021-07-26,1547,7,12,1,0,0,0,0,0,0,16,88,113,0
1151,2021-07-27,1399,7,12,1,0,0,0,0,0,1,11,90,117,0
1152,2021-07-28,2466,7,12,1,0,0,0,0,0,2,15,93,115,0
1153,2021-07-29,4512,7,12,1,0,0,0,0,0,3,13,88,113,0
1154,2021-07-30,3198,7,12,1,0,0,0,0,0,4,12,86,115,0
1155,2021-07-31,1739,7,12,1,0,0,0,0,0,5,20,88,111,0
1156,2021-08-01,3605,8,12,1,0,0,0,0,0,6,13,88,113,0
1157,2021-08-02,2653,8,12,1,0,0,0,0,0,0,0,86,111,0
1158,2021-08-03,4001,8,12,1,0,0,0,0,0,1,22,82,113,0
1159,2021-08-04,1804,8,12,1,0,0,0,0,0,2,3,82,111,0
1160,2021-08-05,308,8,12,1,0,0,0,0,0,3,1,84,111,0
1161,2021-08-06,3046,8,12,1,0,0,0,0,0,4,8,84,113,0
1162,2021-08-07,6122,8,12,1,0,0,0,0,0,5,4,84,113,0
1163,2021-08-08,5123,8,12,1,0,0,0,0,0,6,5,86,111,0
1164,2021-08-09,2911,8,1,1,0,0,0,0,0,0,7,86,111,0
1165,2021-08-10,3646,8,1,1,0,0,0,0,0,1,8,82,109,0
1166,2021-08-11,2963,8,1,1,0,0,0,0,0,2,4,81,111,0
1167,2021-08-12,3948,8,1,1,0,0,0,0,0,3,8,86,115,0
1168,2021-08-13,2344,8,1,1,0,0,0,0,0,4,11,86,115,0
1169,2021-08-14,4697,8,1,1,0,0,0,0,0,5,8,88,113,0
1170,2021-08-15,4463,8,1,1,0,0,0,0,0,6,7,86,109,0
1171,2021-08-16,3494,8,1,1,0,0,0,0,0,0,11,84,109,0
1172,2021-08-17,4450,8,1,1,0,0,0,0,0,1,10,82,111,0
1173,2021-08-18,3283,8,1,1,0,0,0,0,0,2,10,81,109,0
1174,2021-08-19,6094,8,1,1,0,0,0,0,0,3,7,79,108,0
1175,2021-08-20,19618,8,1,1,0,0,0,0,0,4,11,82,108,0
1176,2021-08-21,14873,8,1,1,0,0,0,0,0,5,8,82,109,0
1177,2021-08-22,10647,8,1,1,0,0,0,0,0,6,9,86,111,0
1178,2021-08-23,4838,8,1,1,0,0,0,0,0,0,12,90,111,0
1179,2021-08-24,15594,8,1,1,0,0,0,0,0,1,15,86,109,0
1180,2021-08-25,9139,8,1,1,0,0,0,0,0,2,11,88,109,0
1181,2021-08-26,7359,8,1,1,0,0,0,0,0,3,14,86,109,0
1182,2021-08-27,12303,8,1,1,0,0,0,0,0,4,13,84,111,0
1183,2021-08-28,5285,8,1,1,0,0,0,0,0,5,8,88,111,0
1184,2021-08-29,3269,8,1,0,0,0,0,0,0,6,10,86,109,0
1185,2021-08-30,1410,8,1,0,0,0,0,0,0,0,11,82,108,0
1186,2021-08-31,2870,8,1,0,0,0,0,0,0,1,21,84,109,0
1187,2021-09-01,1591,9,1,0,0,0,0,0,0,2,21,82,109,0
1188,2021-09-02,1341,9,1,0,0,0,0,0,0,3,20,82,109,0
1189,2021-09-03,1120,9,1,0,0,0,0,0,0,4,8,81,111,0
1190,2021-09-04,994,9,1,0,0,0,0,0,0,5,22,86,109,0
1191,2021-09-05,3326,9,1,0,0,0,0,0,0,6,23,86,108,0
1192,2021-09-06,4036,9,1,0,0,0,0,0,0,0,0,81,108,0
1193,2021-09-07,2855,9,1,0,0,0,0,0,0,1,3,79,109,0
1194,2021-09-08,2378,9,2,0,0,0,0,0,0,2,0,82,109,0
1195,2021-09-09,2310,9,2,0,0,0,0,0,0,3,3,82,106,0
1196,2021-09-10,980,9,2,0,0,0,0,0,0,4,4,81,104,0
1197,2021-09-11,4337,9,2,0,0,0,0,0,0,5,7,77,102,0
1198,2021-09-12,4474,9,2,0,0,0,0,0,0,6,3,75,104,0
1199,2021-09-13,2668,9,2,0,0,0,0,0,0,0,3,75,102,0
1200,2021-09-14,2739,9,2,0,0,0,0,0,0,1,4,77,104,0
1201,2021-09-15,5448,9,2,0,0,0,0,0,0,2,3,79,100,0
1202,2021-09-16,4454,9,2,0,0,0,0,0,0,3,3,73,100,0
1203,2021-09-17,3702,9,2,0,0,0,0,0,0,4,6,73,100,0
1204,2021-09-18,3939,9,2,0,0,0,0,0,0,5,8,77,104,0
1205,2021-09-19,2847,9,2,0,0,0,0,0,1,6,4,77,102,0
1206,2021-09-20,132,9,2,0,0,0,0,0,1,0,23,77,100,0
