,Date,Slept_On,WokeUp_On,Duration,Woke_Hour
1206,2018-06-02,,2018-06-02 18:01:04,1.0,18
1205,2018-06-03,,2018-06-03 20:56:49,9.0,20
1204,2018-06-04,,2018-06-04 06:05:41,4.0,6
1203,2018-06-05,,2018-06-05 06:16:49,7.0,6
1202,2018-06-06,,2018-06-06 06:19:35,5.0,6
1201,2018-06-07,,2018-06-07 08:18:16,6.0,8
1200,2018-06-08,,2018-06-08 12:03:21,12.0,12
1199,2018-06-09,,2018-06-09 12:05:53,11.0,12
1198,2018-06-10,,2018-06-10 06:23:36,5.0,6
1197,2018-06-11,,2018-06-11 06:40:25,6.0,6
1196,2018-06-12,,2018-06-12 12:24:07,5.0,12
1195,2018-06-13,,2018-06-13 10:34:22,12.0,10
1194,2018-06-14,,2018-06-14 10:46:58,11.0,10
1193,2018-06-15,,2018-06-15 09:54:50,11.0,9
1192,2018-06-16,,2018-06-16 09:04:54,4.0,9
1191,2018-06-17,,2018-06-17 11:15:18,10.0,11
1190,2018-06-18,,2018-06-18 07:44:50,9.0,7
1189,2018-06-19,,2018-06-19 08:59:46,10.0,8
1188,2018-06-20,,2018-06-20 08:43:43,10.0,8
1187,2018-06-21,,2018-06-21 15:12:56,4.0,15
1186,2018-06-22,,2018-06-22 10:14:36,14.0,10
1185,2018-06-23,,2018-06-23 12:55:51,12.0,12
1184,2018-06-24,,2018-06-24 20:14:40,7.0,20
1183,2018-06-25,,2018-06-25 02:26:47,2.0,2
1182,2018-06-26,,2018-06-25 21:44:21,8.0,21
1181,2018-06-27,,2018-06-27 01:02:04,11.0,1
1180,2018-06-28,,2018-06-28 07:52:44,14.0,7
1179,2018-06-29,,2018-06-29 12:44:02,6.0,12
1178,2018-06-30,,2018-06-30 06:45:01,6.0,6
1177,2018-07-01,,2018-07-01 03:30:42,7.0,3
1176,2018-07-02,,2018-07-02 03:28:12,7.0,3
1175,2018-07-03,,2018-07-03 03:57:31,7.0,3
1174,2018-07-04,,2018-07-04 04:03:42,7.0,4
1173,2018-07-05,,2018-07-05 03:39:18,7.0,3
1172,2018-07-06,,2018-07-06 02:29:44,6.0,2
1171,2018-07-07,,2018-07-07 10:28:34,16.0,10
1170,2018-07-08,,2018-07-08 03:21:56,9.0,3
1169,2018-07-09,,2018-07-09 17:44:23,5.0,17
1168,2018-07-10,,2018-07-10 04:12:29,5.0,4
1167,2018-07-11,,2018-07-10 22:22:33,8.0,22
1166,2018-07-12,,2018-07-12 00:58:51,8.0,0
1165,2018-07-13,,2018-07-13 10:22:54,14.0,10
1164,2018-07-14,,2018-07-14 10:25:37,16.0,10
1163,2018-07-15,,2018-07-15 03:14:36,6.0,3
1162,2018-07-16,,2018-07-16 03:41:25,8.0,3
1161,2018-07-17,,2018-07-17 03:08:01,7.0,3
1160,2018-07-18,,2018-07-18 03:19:48,8.0,3
1159,2018-07-19,,2018-07-19 04:18:15,8.0,4
1158,2018-07-20,,2018-07-20 03:50:27,6.0,3
1157,2018-07-21,,2018-07-21 10:54:08,7.0,10
1156,2018-07-22,,2018-07-22 12:43:30,8.0,12
1155,2018-07-23,,2018-07-23 05:55:04,6.0,5
1154,2018-07-24,,2018-07-24 05:51:36,5.0,5
1153,2018-07-25,,2018-07-25 06:46:23,15.0,6
1152,2018-07-26,,2018-07-26 06:34:52,6.0,6
1151,2018-07-27,,2018-07-26 22:31:19,7.0,22
1150,2018-07-28,,2018-07-28 19:16:11,7.0,19
1149,2018-07-29,,2018-07-29 13:14:54,7.0,13
1148,2018-07-30,,2018-07-30 06:22:47,5.0,6
1147,2018-07-31,,2018-07-31 06:42:26,6.0,6
1146,2018-08-01,,2018-07-31 21:42:10,7.0,21
1145,2018-08-02,,2018-08-02 06:40:46,6.0,6
1144,2018-08-03,,2018-08-03 19:57:00,7.0,19
1143,2018-08-04,,2018-08-04 13:05:59,6.0,13
1142,2018-08-05,,2018-08-05 04:15:28,11.0,4
1141,2018-08-06,,2018-08-06 06:54:19,5.0,6
1140,2018-08-07,,2018-08-06 21:23:33,5.0,21
1139,2018-08-08,,2018-08-08 20:45:57,6.0,20
1138,2018-08-09,,2018-08-09 03:56:09,6.0,3
1137,2018-08-10,,2018-08-10 04:25:58,8.0,4
1136,2018-08-11,,2018-08-11 09:32:40,11.0,9
1135,2018-08-12,,2018-08-12 07:33:41,6.0,7
1134,2018-08-13,,2018-08-13 09:02:25,12.0,9
1133,2018-08-14,,2018-08-14 05:43:50,7.0,5
1132,2018-08-15,,2018-08-15 06:19:13,7.0,6
1131,2018-08-16,,2018-08-16 06:59:05,9.0,6
1130,2018-08-17,,2018-08-17 07:22:14,8.0,7
1129,2018-08-18,,2018-08-18 11:40:42,9.0,11
1128,2018-08-19,,2018-08-19 12:03:02,7.0,12
1127,2018-08-20,,2018-08-20 13:45:25,8.0,13
1126,2018-08-21,,2018-08-21 15:12:31,9.0,15
1125,2018-08-22,,2018-08-22 15:42:45,10.0,15
1124,2018-08-23,,2018-08-23 18:14:00,3.0,18
1123,2018-08-24,,2018-08-24 14:27:17,14.0,14
1122,2018-08-25,,2018-08-24 22:55:16,7.0,22
1121,2018-08-26,,2018-08-26 20:45:18,8.0,20
1120,2018-08-27,,2018-08-27 03:25:25,3.0,3
1119,2018-08-28,,2018-08-27 22:06:56,9.0,22
1118,2018-08-29,,2018-08-29 03:04:29,14.0,3
1117,2018-08-30,,2018-08-30 02:12:17,11.0,2
1116,2018-08-31,,2018-08-31 05:01:46,16.0,5
1115,2018-09-01,,2018-09-01 03:51:12,9.0,3
1114,2018-09-02,,2018-09-02 02:42:43,7.0,2
1113,2018-09-03,,2018-09-03 01:47:26,10.0,1
1112,2018-09-04,,2018-09-04 03:35:54,8.0,3
1111,2018-09-05,,2018-09-05 03:17:11,6.0,3
1110,2018-09-06,,2018-09-06 04:06:48,9.0,4
1109,2018-09-07,,2018-09-07 01:51:57,8.0,1
1108,2018-09-08,,2018-09-08 15:06:52,7.0,15
1107,2018-09-09,,2018-09-09 04:04:03,6.0,4
1106,2018-09-10,,2018-09-10 03:36:55,9.0,3
1105,2018-09-11,,2018-09-11 03:34:38,5.0,3
1104,2018-09-12,,2018-09-12 00:09:45,11.0,0
1103,2018-09-13,,2018-09-12 23:09:35,10.0,23
1102,2018-09-14,,2018-09-14 05:50:19,9.0,5
1101,2018-09-15,,2018-09-15 10:45:54,13.0,10
1100,2018-09-16,,2018-09-16 02:50:31,6.0,2
1099,2018-09-17,,2018-09-17 03:31:35,14.0,3
1098,2018-09-18,,2018-09-18 06:25:07,14.0,6
1097,2018-09-19,,2018-09-19 03:31:57,6.0,3
1096,2018-09-20,,2018-09-19 23:18:16,4.0,23
1095,2018-09-21,,2018-09-21 06:47:22,14.0,6
1094,2018-09-22,,2018-09-22 09:43:30,14.0,9
1093,2018-09-23,,2018-09-23 08:31:44,14.0,8
1092,2018-09-24,,2018-09-24 08:15:55,9.0,8
1091,2018-09-25,,2018-09-25 18:59:08,8.0,18
1090,2018-09-26,,2018-09-26 02:36:50,4.0,2
1089,2018-09-27,,2018-09-26 21:13:13,7.0,21
1088,2018-09-28,,2018-09-28 05:46:56,16.0,5
1087,2018-09-29,,2018-09-29 08:31:45,10.0,8
1086,2018-09-30,,2018-09-30 03:30:35,6.0,3
1085,2018-10-01,,2018-09-30 23:53:47,10.0,23
1084,2018-10-02,,2018-10-02 06:37:49,9.0,6
1083,2018-10-03,,2018-10-03 04:38:06,11.0,4
1082,2018-10-04,,2018-10-04 04:09:29,10.0,4
1081,2018-10-05,,2018-10-05 14:20:05,9.0,14
1080,2018-10-06,,2018-10-06 08:12:02,12.0,8
1079,2018-10-07,,2018-10-07 03:53:28,6.0,3
1078,2018-10-08,,2018-10-08 04:09:08,8.0,4
1077,2018-10-09,,2018-10-09 04:54:09,8.0,4
1076,2018-10-10,,2018-10-10 02:30:55,14.0,2
1075,2018-10-11,,2018-10-11 03:17:21,9.0,3
1074,2018-10-12,,2018-10-12 09:12:46,14.0,9
1073,2018-10-13,,2018-10-13 06:38:09,7.0,6
1072,2018-10-14,,2018-10-14 03:31:30,6.0,3
1071,2018-10-15,,2018-10-14 22:39:16,1.0,22
1070,2018-10-16,,2018-10-16 20:52:45,9.0,20
1069,2018-10-17,,2018-10-17 01:04:28,3.0,1
1068,2018-10-18,,2018-10-18 02:14:16,8.0,2
1067,2018-10-19,,2018-10-19 07:02:09,18.0,7
1066,2018-10-20,,2018-10-20 09:55:43,14.0,9
1065,2018-10-21,,2018-10-21 17:35:31,7.0,17
1064,2018-10-22,,2018-10-22 04:07:36,4.0,4
1063,2018-10-23,,2018-10-23 06:00:01,8.0,6
1062,2018-10-24,,2018-10-24 04:45:15,6.0,4
1061,2018-10-25,,2018-10-25 05:14:21,8.0,5
1060,2018-10-26,,2018-10-26 03:36:27,10.0,3
1059,2018-10-27,,2018-10-27 10:36:11,7.0,10
1058,2018-10-28,,2018-10-28 05:32:31,6.0,5
1057,2018-10-29,,2018-10-29 03:09:54,6.0,3
1056,2018-10-30,,2018-10-30 04:42:47,7.0,4
1055,2018-10-31,,2018-10-31 07:19:04,11.0,7
1054,2018-11-01,,2018-11-01 04:53:30,7.0,4
1053,2018-11-02,,2018-11-02 08:42:01,9.0,8
1052,2018-11-03,,2018-11-03 12:13:25,9.0,12
1051,2018-11-04,,2018-11-04 05:52:40,8.0,5
1050,2018-11-05,,2018-11-05 03:56:56,7.0,3
1049,2018-11-06,,2018-11-06 08:59:33,18.0,8
1048,2018-11-07,,2018-11-07 04:11:14,8.0,4
1047,2018-11-08,,2018-11-08 04:41:42,6.0,4
1046,2018-11-09,,2018-11-09 12:12:30,12.0,12
1045,2018-11-10,,2018-11-10 11:57:32,10.0,11
1044,2018-11-11,,2018-11-11 06:25:29,10.0,6
1043,2018-11-12,,2018-11-12 03:21:00,7.0,3
1042,2018-11-13,,2018-11-13 07:52:35,11.0,7
1041,2018-11-14,,2018-11-14 03:09:13,11.0,3
1040,2018-11-15,,2018-11-15 05:35:56,15.0,5
1039,2018-11-16,,2018-11-16 10:20:49,7.0,10
1038,2018-11-17,,2018-11-17 03:38:11,4.0,3
1037,2018-11-18,,2018-11-18 01:23:09,8.0,1
1036,2018-11-19,,2018-11-19 05:25:41,5.0,5
1035,2018-11-20,,2018-11-19 23:32:39,10.0,23
1034,2018-11-21,,2018-11-21 03:56:23,6.0,3
1033,2018-11-22,,2018-11-22 04:04:46,15.0,4
1032,2018-11-23,,2018-11-23 06:39:51,17.0,6
1031,2018-11-24,,2018-11-24 05:28:27,7.0,5
1030,2018-11-25,,2018-11-25 03:55:14,6.0,3
1029,2018-11-26,,2018-11-26 20:36:19,6.0,20
1028,2018-11-27,,2018-11-27 09:18:23,7.0,9
1027,2018-11-28,,2018-11-28 03:31:18,6.0,3
1026,2018-11-29,,2018-11-29 03:20:38,9.0,3
1025,2018-11-30,,2018-11-30 04:34:51,8.0,4
1024,2018-12-01,,2018-12-01 05:43:30,14.0,5
1023,2018-12-02,,2018-12-02 03:43:15,7.0,3
1022,2018-12-03,,2018-12-03 03:57:27,5.0,3
1021,2018-12-04,,2018-12-03 23:47:28,8.0,23
1020,2018-12-05,,2018-12-04 22:36:27,5.0,22
1019,2018-12-06,,2018-12-06 00:30:49,8.0,0
1018,2018-12-07,,2018-12-07 06:38:53,6.0,6
1017,2018-12-08,,2018-12-08 05:58:19,6.0,5
1016,2018-12-09,,2018-12-09 05:02:56,11.0,5
1015,2018-12-10,,2018-12-10 05:23:11,7.0,5
1014,2018-12-11,,2018-12-11 03:28:10,7.0,3
1013,2018-12-12,,2018-12-12 06:48:06,5.0,6
1012,2018-12-13,,2018-12-13 04:28:53,11.0,4
1011,2018-12-14,,2018-12-14 12:40:09,11.0,12
1010,2018-12-15,,2018-12-15 05:18:40,7.0,5
1009,2018-12-16,,2018-12-16 03:25:08,3.0,3
1008,2018-12-17,,2018-12-17 03:48:05,5.0,3
1007,2018-12-18,,2018-12-17 22:03:19,8.0,22
1006,2018-12-19,,2018-12-19 03:36:00,8.0,3
1005,2018-12-20,,2018-12-20 15:32:37,6.0,15
1004,2018-12-21,,2018-12-21 08:35:55,5.0,8
1003,2018-12-22,,2018-12-22 08:36:35,7.0,8
1002,2018-12-23,,2018-12-23 03:26:07,7.0,3
1001,2018-12-24,,2018-12-24 04:13:28,10.0,4
1000,2018-12-25,,2018-12-25 03:54:01,10.0,3
999,2018-12-26,,2018-12-26 08:25:26,12.0,8
998,2018-12-27,,2018-12-27 09:25:42,13.0,9
997,2018-12-28,,2018-12-28 06:30:01,7.0,6
996,2018-12-29,,2018-12-29 11:19:27,9.0,11
995,2018-12-30,,2018-12-30 04:35:20,6.0,4
994,2018-12-31,,2018-12-31 07:57:47,11.0,7
993,2019-01-01,,2019-01-01 07:47:13,6.0,7
992,2019-01-02,,2019-01-02 07:23:41,9.0,7
991,2019-01-03,,2019-01-03 13:03:52,11.0,13
990,2019-01-04,,2019-01-04 14:46:32,13.0,14
989,2019-01-05,,2019-01-05 11:04:28,7.0,11
988,2019-01-06,,2019-01-06 10:46:25,10.0,10
987,2019-01-07,,2019-01-07 04:46:46,5.0,4
986,2019-01-08,,2019-01-08 06:10:00,12.0,6
985,2019-01-09,,2019-01-09 04:20:33,5.0,4
984,2019-01-10,,2019-01-10 09:43:43,19.0,9
983,2019-01-11,,2019-01-11 12:59:29,9.0,12
982,2019-01-12,,2019-01-12 12:55:56,13.0,12
981,2019-01-13,,2019-01-13 20:12:32,8.0,20
980,2019-01-14,,2019-01-13 23:33:50,2.0,23
979,2019-01-15,,2019-01-15 01:28:38,12.0,1
978,2019-01-16,,2019-01-16 16:06:02,6.0,16
977,2019-01-17,,2019-01-17 10:10:12,11.0,10
976,2019-01-18,,2019-01-18 08:25:46,10.0,8
975,2019-01-19,,2019-01-19 12:02:24,11.0,12
974,2019-01-20,,2019-01-20 09:21:54,8.0,9
973,2019-01-21,,2019-01-21 10:37:19,11.0,10
972,2019-01-22,,2019-01-22 04:03:13,6.0,4
971,2019-01-23,,2019-01-23 18:04:29,5.0,18
970,2019-01-24,,2019-01-24 05:21:38,5.0,5
969,2019-01-25,,2019-01-25 11:45:58,9.0,11
968,2019-01-26,,2019-01-26 10:52:11,7.0,10
967,2019-01-27,,2019-01-26 23:05:35,1.0,23
966,2019-01-28,,2019-01-27 22:09:58,8.0,22
965,2019-01-29,,2019-01-29 19:07:22,6.0,19
964,2019-01-30,,2019-01-30 07:29:13,9.0,7
963,2019-01-31,,2019-01-30 21:19:21,5.0,21
962,2019-02-01,,2019-02-01 10:26:26,8.0,10
961,2019-02-02,,2019-02-02 09:48:55,10.0,9
960,2019-02-03,,2019-02-03 20:23:41,7.0,20
959,2019-02-04,,2019-02-04 06:11:43,8.0,6
958,2019-02-05,,2019-02-05 04:41:32,6.0,4
957,2019-02-06,,2019-02-06 05:14:17,8.0,5
956,2019-02-07,,2019-02-07 04:00:52,6.0,4
955,2019-02-08,,2019-02-08 10:57:10,10.0,10
954,2019-02-09,,2019-02-09 08:52:53,10.0,8
953,2019-02-10,,2019-02-10 20:43:56,7.0,20
952,2019-02-11,,2019-02-11 00:32:16,2.0,0
951,2019-02-12,,2019-02-12 04:05:46,7.0,4
950,2019-02-13,,2019-02-13 04:25:58,8.0,4
949,2019-02-14,,2019-02-14 05:22:12,6.0,5
948,2019-02-15,,2019-02-15 05:23:42,9.0,5
947,2019-02-16,,2019-02-16 11:05:37,9.0,11
946,2019-02-17,,2019-02-17 17:17:45,19.0,17
945,2019-02-18,,2019-02-18 07:50:20,7.0,7
944,2019-02-19,,2019-02-19 03:00:28,7.0,3
943,2019-02-20,,2019-02-19 23:22:38,10.0,23
942,2019-02-21,,2019-02-21 05:10:38,5.0,5
941,2019-02-22,,2019-02-22 06:45:14,11.0,6
940,2019-02-23,,2019-02-23 08:21:57,11.0,8
939,2019-02-24,,2019-02-24 04:19:05,5.0,4
938,2019-02-25,,2019-02-25 03:06:07,7.0,3
937,2019-02-26,,2019-02-25 23:05:42,10.0,23
936,2019-02-27,,2019-02-27 03:11:37,7.0,3
935,2019-02-28,,2019-02-28 03:58:37,7.0,3
934,2019-03-01,,2019-03-01 11:49:22,10.0,11
933,2019-03-02,,2019-03-02 11:30:00,10.0,11
932,2019-03-03,,2019-03-03 02:24:30,6.0,2
931,2019-03-04,,2019-03-04 03:50:09,8.0,3
930,2019-03-05,,2019-03-05 09:15:13,16.0,9
929,2019-03-06,,2019-03-06 05:14:19,8.0,5
928,2019-03-07,,2019-03-07 05:40:22,15.0,5
927,2019-03-08,,2019-03-08 05:25:29,9.0,5
926,2019-03-09,,2019-03-09 15:16:43,7.0,15
925,2019-03-10,,2019-03-10 03:15:58,6.0,3
924,2019-03-11,,2019-03-11 03:43:17,8.0,3
923,2019-03-12,,2019-03-12 04:25:36,7.0,4
922,2019-03-13,,2019-03-12 23:36:42,10.0,23
921,2019-03-14,,2019-03-14 07:28:54,10.0,7
920,2019-03-15,,2019-03-15 14:21:21,18.0,14
919,2019-03-16,,2019-03-16 10:28:08,5.0,10
918,2019-03-17,,2019-03-17 08:19:05,9.0,8
917,2019-03-18,,2019-03-18 09:39:13,11.0,9
916,2019-03-19,,2019-03-19 06:29:30,5.0,6
915,2019-03-20,,2019-03-20 10:16:43,10.0,10
914,2019-03-21,,2019-03-21 20:05:12,7.0,20
913,2019-03-22,,2019-03-22 05:44:30,4.0,5
912,2019-03-23,,2019-03-23 08:51:05,9.0,8
911,2019-03-24,,2019-03-24 20:44:42,8.0,20
910,2019-03-25,,2019-03-25 19:51:12,9.0,19
909,2019-03-26,,2019-03-26 08:26:25,7.0,8
908,2019-03-27,,2019-03-27 07:33:37,8.0,7
907,2019-03-28,,2019-03-28 13:09:47,6.0,13
906,2019-03-29,,2019-03-29 09:46:06,11.0,9
905,2019-03-30,,2019-03-30 12:09:58,11.0,12
904,2019-03-31,,2019-03-31 09:10:14,7.0,9
903,2019-04-01,,2019-04-01 04:49:54,6.0,4
902,2019-04-02,,2019-04-02 13:48:58,7.0,13
901,2019-04-03,,2019-04-03 13:55:05,7.0,13
900,2019-04-04,,2019-04-04 15:58:17,9.0,15
899,2019-04-05,,2019-04-04 23:46:07,6.0,23
898,2019-04-06,,2019-04-05 21:46:49,10.0,21
897,2019-04-07,,2019-04-06 22:07:57,10.0,22
896,2019-04-08,,2019-04-08 02:16:49,12.0,2
895,2019-04-09,,2019-04-09 00:41:54,8.0,0
894,2019-04-10,,2019-04-10 02:40:43,10.0,2
893,2019-04-11,,2019-04-11 07:32:49,9.0,7
892,2019-04-12,,2019-04-12 08:46:19,10.0,8
891,2019-04-13,,2019-04-13 07:44:57,13.0,7
890,2019-04-14,,2019-04-14 03:04:35,6.0,3
889,2019-04-15,,2019-04-15 07:11:40,12.0,7
888,2019-04-16,,2019-04-16 07:08:03,7.0,7
887,2019-04-17,,2019-04-17 06:39:53,11.0,6
886,2019-04-18,,2019-04-18 06:48:09,9.0,6
885,2019-04-19,,2019-04-19 06:37:42,7.0,6
884,2019-04-20,,2019-04-20 10:47:23,14.0,10
883,2019-04-21,,2019-04-21 03:49:07,4.0,3
882,2019-04-22,,2019-04-22 06:01:06,8.0,6
881,2019-04-23,,2019-04-23 08:37:13,8.0,8
880,2019-04-24,,2019-04-24 11:32:54,12.0,11
879,2019-04-25,,2019-04-25 14:26:06,10.0,14
878,2019-04-26,,2019-04-26 12:03:58,11.0,12
877,2019-04-27,,2019-04-27 11:03:07,6.0,11
876,2019-04-28,,2019-04-28 04:17:48,5.0,4
875,2019-04-29,,2019-04-29 11:20:45,6.0,11
874,2019-04-30,,2019-04-30 15:56:57,6.0,15
873,2019-05-01,,2019-05-01 13:26:59,10.0,13
872,2019-05-02,,2019-05-02 17:42:40,9.0,17
871,2019-05-03,,2019-05-03 11:50:25,6.0,11
870,2019-05-04,,2019-05-04 00:10:27,11.0,0
869,2019-05-05,,2019-05-04 23:59:19,7.0,23
868,2019-05-06,,2019-05-05 23:06:26,5.0,23
867,2019-05-07,,2019-05-06 22:43:24,15.0,22
866,2019-05-08,,2019-05-08 10:44:09,12.0,10
865,2019-05-09,,2019-05-09 10:22:05,10.0,10
864,2019-05-10,,2019-05-10 16:17:38,9.0,16
863,2019-05-11,,2019-05-11 05:47:52,9.0,5
862,2019-05-12,,2019-05-12 15:52:14,15.0,15
861,2019-05-13,,2019-05-13 17:51:34,10.0,17
860,2019-05-14,,2019-05-14 14:27:25,14.0,14
859,2019-05-15,,2019-05-15 10:48:42,6.0,10
858,2019-05-16,,2019-05-16 15:17:08,16.0,15
857,2019-05-17,,2019-05-17 13:37:32,11.0,13
856,2019-05-18,,2019-05-18 15:21:20,15.0,15
855,2019-05-19,,2019-05-19 16:01:57,9.0,16
854,2019-05-20,,2019-05-20 11:29:39,9.0,11
853,2019-05-21,,2019-05-21 15:01:33,12.0,15
852,2019-05-22,,2019-05-22 17:28:42,15.0,17
851,2019-05-23,,2019-05-23 15:50:12,13.0,15
850,2019-05-24,,2019-05-24 20:28:23,18.0,20
849,2019-05-25,,2019-05-25 15:54:20,15.0,15
848,2019-05-26,,2019-05-26 04:57:44,10.0,4
847,2019-05-27,,2019-05-27 16:05:29,15.0,16
846,2019-05-28,,2019-05-27 23:25:34,2.0,23
845,2019-05-29,,2019-05-28 23:19:23,23.0,23
844,2019-05-30,,2019-05-30 11:46:49,8.0,11
843,2019-05-31,,2019-05-31 16:10:45,16.0,16
842,2019-06-01,,2019-06-01 11:39:56,6.0,11
841,2019-06-02,,2019-06-02 18:37:30,21.0,18
840,2019-06-03,,2019-06-03 11:17:14,15.0,11
839,2019-06-04,,2019-06-04 13:34:35,8.0,13
838,2019-06-05,,2019-06-05 11:48:12,12.0,11
837,2019-06-06,,2019-06-06 11:15:00,10.0,11
836,2019-06-07,,2019-06-07 17:30:22,17.0,17
835,2019-06-08,,2019-06-08 08:11:49,11.0,8
834,2019-06-09,,2019-06-09 07:32:34,10.0,7
833,2019-06-10,,2019-06-10 05:49:54,10.0,5
832,2019-06-11,,2019-06-11 18:29:27,7.0,18
831,2019-06-12,,2019-06-12 08:57:21,6.0,8
830,2019-06-13,,2019-06-13 13:59:27,10.0,13
829,2019-06-14,,2019-06-14 12:31:13,5.0,12
828,2019-06-15,,2019-06-15 12:22:02,8.0,12
827,2019-06-16,,2019-06-16 19:31:25,4.0,19
826,2019-06-17,,2019-06-17 13:53:15,7.0,13
825,2019-06-18,,2019-06-18 14:33:20,11.0,14
824,2019-06-19,,2019-06-19 13:13:51,8.0,13
823,2019-06-20,,2019-06-20 11:04:01,4.0,11
822,2019-06-21,,2019-06-21 18:23:42,11.0,18
821,2019-06-22,,2019-06-22 10:33:43,8.0,10
820,2019-06-23,,2019-06-23 17:55:53,10.0,17
819,2019-06-24,,2019-06-24 05:10:10,4.0,5
818,2019-06-25,,2019-06-25 20:01:29,11.0,20
817,2019-06-26,,2019-06-26 01:41:38,4.0,1
816,2019-06-27,,2019-06-27 04:59:57,9.0,4
815,2019-06-28,,2019-06-28 06:15:53,4.0,6
814,2019-06-29,,2019-06-29 08:05:26,8.0,8
813,2019-06-30,,2019-06-30 09:04:51,11.0,9
812,2019-07-01,,2019-07-01 08:34:18,9.0,8
811,2019-07-02,,2019-07-02 05:47:05,9.0,5
810,2019-07-03,,2019-07-03 06:41:48,10.0,6
809,2019-07-04,,2019-07-04 08:20:58,9.0,8
808,2019-07-05,,2019-07-05 10:49:21,11.0,10
807,2019-07-06,,2019-07-06 08:56:03,9.0,8
806,2019-07-07,,2019-07-07 13:50:25,6.0,13
805,2019-07-08,,2019-07-08 15:52:12,9.0,15
804,2019-07-09,,2019-07-09 11:36:11,7.0,11
803,2019-07-10,,2019-07-10 13:12:35,15.0,13
802,2019-07-11,,2019-07-11 05:55:21,6.0,5
801,2019-07-12,,2019-07-12 13:03:05,9.0,13
800,2019-07-13,,2019-07-13 08:44:00,9.0,8
799,2019-07-14,,2019-07-14 06:15:55,6.0,6
798,2019-07-15,,2019-07-15 13:53:25,8.0,13
797,2019-07-16,,2019-07-16 20:34:32,12.0,20
796,2019-07-17,,2019-07-17 03:01:03,5.0,3
795,2019-07-18,,2019-07-17 23:46:51,9.0,23
794,2019-07-19,,2019-07-19 02:52:08,13.0,2
793,2019-07-20,,2019-07-20 10:24:07,7.0,10
792,2019-07-21,,2019-07-21 03:28:56,6.0,3
791,2019-07-22,,2019-07-22 01:58:06,4.0,1
790,2019-07-23,,2019-07-23 05:34:58,8.0,5
789,2019-07-24,,2019-07-24 05:22:53,9.0,5
788,2019-07-25,,2019-07-25 06:24:07,10.0,6
787,2019-07-26,,2019-07-26 05:39:10,7.0,5
786,2019-07-27,,2019-07-27 06:52:28,7.0,6
785,2019-07-28,,2019-07-28 06:19:36,7.0,6
784,2019-07-29,,2019-07-29 01:49:08,5.0,1
783,2019-07-30,,2019-07-30 08:50:23,8.0,8
782,2019-07-31,,2019-07-31 04:24:03,7.0,4
781,2019-08-01,,2019-08-01 08:22:29,12.0,8
780,2019-08-02,,2019-08-02 11:28:17,7.0,11
779,2019-08-03,,2019-08-03 12:43:13,9.0,12
778,2019-08-04,,2019-08-04 12:45:55,7.0,12
777,2019-08-05,,2019-08-05 06:00:48,8.0,6
776,2019-08-06,,2019-08-06 12:33:24,9.0,12
775,2019-08-07,,2019-08-07 14:33:56,7.0,14
774,2019-08-08,,2019-08-08 16:46:28,6.0,16
773,2019-08-09,,2019-08-09 12:18:52,11.0,12
772,2019-08-10,,2019-08-10 06:47:24,6.0,6
771,2019-08-11,,2019-08-11 07:43:24,6.0,7
770,2019-08-12,,2019-08-12 10:30:12,6.0,10
769,2019-08-13,,2019-08-13 05:59:13,6.0,5
768,2019-08-14,,2019-08-14 09:49:47,7.0,9
767,2019-08-15,,2019-08-15 11:31:33,12.0,11
766,2019-08-16,,2019-08-16 09:22:02,5.0,9
765,2019-08-17,,2019-08-17 14:47:20,12.0,14
764,2019-08-18,,2019-08-18 18:35:20,9.0,18
763,2019-08-19,,2019-08-19 20:32:30,9.0,20
762,2019-08-20,,2019-08-20 03:23:05,2.0,3
761,2019-08-21,,2019-08-21 02:05:16,9.0,2
760,2019-08-22,,2019-08-21 23:14:15,7.0,23
759,2019-08-23,,2019-08-23 03:22:51,9.0,3
758,2019-08-24,,2019-08-24 06:47:40,6.0,6
757,2019-08-25,,2019-08-25 04:40:14,10.0,4
756,2019-08-26,,2019-08-26 07:41:05,10.0,7
755,2019-08-27,,2019-08-27 10:40:12,9.0,10
754,2019-08-28,,2019-08-28 07:21:53,9.0,7
753,2019-08-29,,2019-08-29 06:55:42,9.0,6
752,2019-08-30,,2019-08-30 06:43:34,9.0,6
751,2019-08-31,,2019-08-31 03:21:54,6.0,3
750,2019-09-01,,2019-09-01 08:55:41,9.0,8
749,2019-09-02,,2019-09-02 09:15:53,11.0,9
748,2019-09-03,,2019-09-03 08:02:33,9.0,8
747,2019-09-04,,2019-09-04 10:19:45,10.0,10
746,2019-09-05,,2019-09-05 10:02:25,8.0,10
745,2019-09-06,,2019-09-06 12:16:33,9.0,12
744,2019-09-07,,2019-09-07 15:31:11,10.0,15
743,2019-09-08,,2019-09-08 13:43:20,8.0,13
742,2019-09-09,,2019-09-09 19:50:23,9.0,19
741,2019-09-10,,2019-09-10 19:28:12,7.0,19
740,2019-09-11,,2019-09-11 03:58:18,2.0,3
739,2019-09-12,,2019-09-11 23:36:41,11.0,23
738,2019-09-13,,2019-09-13 00:49:46,9.0,0
737,2019-09-14,,2019-09-14 00:21:33,9.0,0
736,2019-09-15,,2019-09-15 03:23:01,6.0,3
735,2019-09-16,,2019-09-16 04:30:56,11.0,4
734,2019-09-17,,2019-09-17 06:35:52,10.0,6
733,2019-09-18,,2019-09-18 03:33:39,8.0,3
732,2019-09-19,,2019-09-19 06:39:30,8.0,6
731,2019-09-20,,2019-09-20 06:07:33,10.0,6
730,2019-09-21,,2019-09-21 02:07:29,5.0,2
729,2019-09-22,,2019-09-22 03:11:47,7.0,3
728,2019-09-23,,2019-09-23 01:09:44,6.0,1
727,2019-09-24,,2019-09-24 03:44:25,9.0,3
726,2019-09-25,,2019-09-25 04:59:29,7.0,4
725,2019-09-26,,2019-09-26 04:06:51,7.0,4
724,2019-09-27,,2019-09-27 05:44:42,7.0,5
723,2019-09-28,,2019-09-28 06:47:01,8.0,6
722,2019-09-29,,2019-09-29 03:32:13,6.0,3
721,2019-09-30,,2019-09-30 07:47:56,10.0,7
720,2019-10-01,,2019-10-01 10:26:00,12.0,10
719,2019-10-02,,2019-10-02 12:11:24,9.0,12
718,2019-10-03,,2019-10-03 05:56:51,8.0,5
717,2019-10-04,,2019-10-04 13:16:03,13.0,13
716,2019-10-05,,2019-10-05 11:58:05,12.0,11
715,2019-10-06,,2019-10-06 08:28:37,7.0,8
714,2019-10-07,,2019-10-07 12:20:12,12.0,12
713,2019-10-08,,2019-10-08 12:34:01,13.0,12
712,2019-10-09,,2019-10-09 16:45:34,6.0,16
711,2019-10-10,,2019-10-10 12:25:08,8.0,12
710,2019-10-11,,2019-10-11 15:32:09,6.0,15
709,2019-10-12,,2019-10-12 11:21:08,7.0,11
708,2019-10-13,,2019-10-13 16:51:00,7.0,16
707,2019-10-14,,2019-10-14 20:53:27,5.0,20
706,2019-10-15,,2019-10-15 03:33:22,4.0,3
705,2019-10-16,,2019-10-15 23:01:46,7.0,23
704,2019-10-17,,2019-10-17 09:37:09,6.0,9
703,2019-10-18,,2019-10-18 02:08:06,7.0,2
702,2019-10-19,,2019-10-18 21:14:17,7.0,21
701,2019-10-20,,2019-10-20 04:06:00,7.0,4
700,2019-10-21,,2019-10-21 03:05:06,8.0,3
699,2019-10-22,,2019-10-22 05:07:20,9.0,5
698,2019-10-23,,2019-10-23 08:08:26,7.0,8
697,2019-10-24,,2019-10-24 11:39:47,8.0,11
696,2019-10-25,,2019-10-25 03:40:22,4.0,3
695,2019-10-26,,2019-10-26 08:46:01,7.0,8
694,2019-10-27,,2019-10-27 03:20:38,6.0,3
693,2019-10-28,,2019-10-28 06:35:39,10.0,6
692,2019-10-29,,2019-10-29 06:28:50,3.0,6
691,2019-10-30,,2019-10-30 09:22:05,12.0,9
690,2019-10-31,,2019-10-31 05:45:03,5.0,5
689,2019-11-01,,2019-11-01 11:22:47,15.0,11
688,2019-11-02,,2019-11-02 06:31:43,7.0,6
687,2019-11-03,,2019-11-03 09:35:30,13.0,9
686,2019-11-04,,2019-11-04 10:51:51,7.0,10
685,2019-11-05,,2019-11-05 04:36:54,6.0,4
684,2019-11-06,,2019-11-06 10:59:52,9.0,10
683,2019-11-07,,2019-11-07 12:21:47,6.0,12
682,2019-11-08,,2019-11-08 15:07:35,8.0,15
681,2019-11-09,,2019-11-09 15:33:01,10.0,15
680,2019-11-10,,2019-11-10 04:11:57,7.0,4
679,2019-11-11,,2019-11-10 22:32:57,8.0,22
678,2019-11-12,,2019-11-12 01:04:50,6.0,1
677,2019-11-13,,2019-11-13 06:25:08,8.0,6
676,2019-11-14,,2019-11-14 04:47:56,7.0,4
675,2019-11-15,,2019-11-14 21:51:29,9.0,21
674,2019-11-16,,2019-11-15 22:15:53,3.0,22
673,2019-11-17,,2019-11-17 01:41:10,8.0,1
672,2019-11-18,,2019-11-18 04:28:47,9.0,4
671,2019-11-19,,2019-11-19 05:05:00,9.0,5
670,2019-11-20,,2019-11-20 08:48:00,12.0,8
669,2019-11-21,,2019-11-21 03:44:19,7.0,3
668,2019-11-22,,2019-11-22 11:07:30,8.0,11
667,2019-11-23,,2019-11-23 06:06:51,5.0,6
666,2019-11-24,,2019-11-24 11:49:36,9.0,11
665,2019-11-25,,2019-11-25 05:04:07,12.0,5
664,2019-11-26,,2019-11-26 05:41:45,6.0,5
663,2019-11-27,,2019-11-27 12:58:31,18.0,12
662,2019-11-28,,2019-11-28 16:35:08,9.0,16
661,2019-11-29,,2019-11-29 04:48:49,10.0,4
660,2019-11-30,,2019-11-30 04:55:53,6.0,4
659,2019-12-01,,2019-11-30 21:38:57,10.0,21
658,2019-12-02,,2019-12-02 04:15:02,8.0,4
657,2019-12-03,,2019-12-03 11:03:28,6.0,11
656,2019-12-04,,2019-12-04 05:57:02,7.0,5
655,2019-12-05,,2019-12-05 00:24:25,7.0,0
654,2019-12-06,,2019-12-06 06:50:44,10.0,6
653,2019-12-07,,2019-12-07 07:35:01,11.0,7
652,2019-12-08,,2019-12-08 09:05:51,11.0,9
651,2019-12-09,,2019-12-09 06:47:50,10.0,6
650,2019-12-10,,2019-12-10 05:48:50,10.0,5
649,2019-12-11,,2019-12-11 05:38:54,8.0,5
648,2019-12-12,,2019-12-12 19:30:40,7.0,19
647,2019-12-13,,2019-12-13 06:50:09,10.0,6
646,2019-12-14,,2019-12-14 08:06:58,9.0,8
645,2019-12-15,,2019-12-15 09:51:16,12.0,9
644,2019-12-16,,2019-12-16 00:44:22,8.0,0
643,2019-12-17,,2019-12-17 05:14:17,7.0,5
642,2019-12-18,,2019-12-18 09:42:57,7.0,9
641,2019-12-19,,2019-12-19 09:15:05,7.0,9
640,2019-12-20,,2019-12-20 11:29:19,9.0,11
639,2019-12-21,,2019-12-21 07:07:40,8.0,7
638,2019-12-22,,2019-12-22 10:27:48,12.0,10
637,2019-12-23,,2019-12-23 09:44:41,6.0,9
636,2019-12-24,,2019-12-24 18:15:19,6.0,18
635,2019-12-25,,2019-12-25 11:07:48,7.0,11
634,2019-12-26,,2019-12-26 08:12:23,8.0,8
633,2019-12-27,,2019-12-27 13:21:06,10.0,13
632,2019-12-28,,2019-12-28 11:39:09,9.0,11
631,2019-12-29,,2019-12-29 17:05:48,7.0,17
630,2019-12-30,,2019-12-30 17:36:43,7.0,17
629,2019-12-31,,2019-12-31 20:10:21,11.0,20
628,2020-01-01,,2020-01-01 03:52:08,5.0,3
627,2020-01-02,,2020-01-02 03:30:06,13.0,3
626,2020-01-03,,2020-01-02 22:51:15,6.0,22
625,2020-01-04,,2020-01-04 01:07:09,5.0,1
624,2020-01-05,,2020-01-05 05:13:20,11.0,5
623,2020-01-06,,2020-01-06 05:49:40,9.0,5
622,2020-01-07,,2020-01-07 08:18:50,11.0,8
621,2020-01-08,,2020-01-08 06:43:44,10.0,6
620,2020-01-09,,2020-01-09 11:35:40,12.0,11
619,2020-01-10,,2020-01-10 05:14:50,8.0,5
618,2020-01-11,,2020-01-11 09:39:35,9.0,9
617,2020-01-12,,2020-01-12 10:07:33,9.0,10
616,2020-01-13,,2020-01-13 11:16:36,4.0,11
615,2020-01-14,,2020-01-14 07:10:25,8.0,7
614,2020-01-15,,2020-01-15 08:25:14,10.0,8
613,2020-01-16,,2020-01-16 12:56:49,11.0,12
612,2020-01-17,,2020-01-17 14:52:51,8.0,14
611,2020-01-18,,2020-01-18 15:02:01,11.0,15
610,2020-01-19,,2020-01-19 14:56:49,9.0,14
609,2020-01-20,,2020-01-20 16:41:40,11.0,16
608,2020-01-21,,2020-01-21 03:43:06,6.0,3
607,2020-01-22,,2020-01-21 21:10:15,9.0,21
606,2020-01-23,,2020-01-23 01:25:11,12.0,1
605,2020-01-24,,2020-01-24 01:24:22,8.0,1
604,2020-01-25,,2020-01-25 04:58:55,5.0,4
603,2020-01-26,,2020-01-26 03:36:44,10.0,3
602,2020-01-27,,2020-01-27 05:51:02,10.0,5
601,2020-01-28,,2020-01-28 08:53:21,11.0,8
600,2020-01-29,,2020-01-29 06:41:48,11.0,6
599,2020-01-30,,2020-01-30 09:43:53,9.0,9
598,2020-01-31,,2020-01-31 10:41:03,9.0,10
597,2020-02-01,,2020-02-01 10:00:02,10.0,10
596,2020-02-02,,2020-02-02 02:57:17,6.0,2
595,2020-02-03,,2020-02-03 11:10:35,8.0,11
594,2020-02-04,,2020-02-04 11:44:18,7.0,11
593,2020-02-05,,2020-02-05 05:45:52,8.0,5
592,2020-02-06,,2020-02-06 19:27:59,13.0,19
591,2020-02-07,,2020-02-07 14:58:56,8.0,14
590,2020-02-08,,2020-02-08 15:38:32,11.0,15
589,2020-02-09,,2020-02-09 04:39:58,7.0,4
588,2020-02-10,,2020-02-09 23:09:47,8.0,23
587,2020-02-11,,2020-02-10 23:25:24,12.0,23
586,2020-02-12,,2020-02-12 01:25:35,9.0,1
585,2020-02-13,,2020-02-13 02:48:31,8.0,2
584,2020-02-14,,2020-02-14 06:28:04,12.0,6
583,2020-02-15,,2020-02-15 02:09:54,6.0,2
582,2020-02-16,,2020-02-16 04:35:59,9.0,4
581,2020-02-17,,2020-02-17 09:29:14,13.0,9
580,2020-02-18,,2020-02-18 07:17:23,9.0,7
579,2020-02-19,,2020-02-19 08:36:24,11.0,8
578,2020-02-20,,2020-02-20 10:29:47,11.0,10
577,2020-02-21,,2020-02-21 10:59:31,11.0,10
576,2020-02-22,,2020-02-22 06:54:27,10.0,6
575,2020-02-23,,2020-02-23 05:50:42,8.0,5
574,2020-02-24,,2020-02-24 08:10:03,7.0,8
573,2020-02-25,,2020-02-25 09:41:21,12.0,9
572,2020-02-26,,2020-02-26 08:25:19,13.0,8
571,2020-02-27,,2020-02-27 09:37:58,6.0,9
570,2020-02-28,,2020-02-28 06:59:35,11.0,6
569,2020-02-29,,2020-02-29 08:28:37,8.0,8
568,2020-03-01,,2020-03-01 01:03:58,4.0,1
567,2020-03-02,,2020-03-02 06:49:26,8.0,6
566,2020-03-03,,2020-03-03 04:46:21,6.0,4
565,2020-03-04,,2020-03-04 07:43:21,9.0,7
564,2020-03-05,,2020-03-05 10:22:55,12.0,10
563,2020-03-06,,2020-03-06 11:08:51,11.0,11
562,2020-03-07,,2020-03-07 08:52:50,7.0,8
561,2020-03-08,,2020-03-08 06:36:36,3.0,6
560,2020-03-09,,2020-03-09 05:31:38,6.0,5
559,2020-03-10,,2020-03-10 13:01:51,8.0,13
558,2020-03-11,,2020-03-11 14:07:53,6.0,14
557,2020-03-12,,2020-03-12 09:04:11,8.0,9
556,2020-03-13,,2020-03-13 15:43:21,18.0,15
555,2020-03-14,,2020-03-14 17:51:24,9.0,17
554,2020-03-15,,2020-03-15 10:35:27,9.0,10
553,2020-03-16,,2020-03-16 17:25:56,4.0,17
552,2020-03-17,,2020-03-17 00:49:14,7.0,0
551,2020-03-18,,2020-03-18 01:05:03,7.0,1
550,2020-03-19,,2020-03-19 03:26:20,9.0,3
549,2020-03-20,,2020-03-20 04:58:28,8.0,4
548,2020-03-21,,2020-03-21 04:19:23,9.0,4
547,2020-03-22,,2020-03-22 03:55:34,9.0,3
546,2020-03-23,,2020-03-23 03:02:55,6.0,3
545,2020-03-24,,2020-03-24 05:39:27,7.0,5
544,2020-03-25,,2020-03-25 05:11:30,8.0,5
543,2020-03-26,,2020-03-26 07:24:25,8.0,7
542,2020-03-27,,2020-03-27 08:29:04,9.0,8
541,2020-03-28,,2020-03-28 13:32:30,6.0,13
540,2020-03-29,,2020-03-29 08:06:48,6.0,8
539,2020-03-30,,2020-03-30 13:35:36,6.0,13
538,2020-03-31,,2020-03-31 08:37:56,8.0,8
537,2020-04-01,,2020-04-01 04:11:24,13.0,4
536,2020-04-02,,2020-04-02 17:17:23,7.0,17
535,2020-04-03,,2020-04-03 05:16:38,7.0,5
534,2020-04-04,,2020-04-04 17:13:12,5.0,17
533,2020-04-05,,2020-04-05 14:36:30,5.0,14
532,2020-04-06,,2020-04-05 22:34:05,7.0,22
531,2020-04-07,,2020-04-06 22:29:57,12.0,22
530,2020-04-08,,2020-04-08 03:20:57,10.0,3
529,2020-04-09,,2020-04-09 04:50:34,10.0,4
528,2020-04-10,,2020-04-10 04:06:28,8.0,4
527,2020-04-11,,2020-04-11 05:29:17,7.0,5
526,2020-04-12,,2020-04-12 07:15:54,10.0,7
525,2020-04-13,,2020-04-13 07:12:49,11.0,7
524,2020-04-14,,2020-04-14 07:31:36,8.0,7
523,2020-04-15,,2020-04-15 07:04:02,8.0,7
522,2020-04-16,,2020-04-16 08:46:41,10.0,8
521,2020-04-17,,2020-04-17 10:16:11,10.0,10
520,2020-04-18,,2020-04-18 07:54:03,6.0,7
519,2020-04-19,,2020-04-19 09:40:06,9.0,9
518,2020-04-20,,2020-04-20 10:44:39,11.0,10
517,2020-04-21,,2020-04-21 13:50:41,6.0,13
516,2020-04-22,,2020-04-22 11:35:48,9.0,11
515,2020-04-23,,2020-04-23 18:03:14,8.0,18
514,2020-04-24,,2020-04-24 16:45:30,8.0,16
513,2020-04-25,,2020-04-25 17:31:39,8.0,17
512,2020-04-26,,2020-04-26 15:28:36,9.0,15
511,2020-04-27,,2020-04-27 06:42:25,3.0,6
510,2020-04-28,,2020-04-28 03:56:39,8.0,3
509,2020-04-29,,2020-04-29 17:31:25,13.0,17
508,2020-04-30,,2020-04-30 05:04:33,4.0,5
507,2020-05-01,,2020-05-01 07:21:01,7.0,7
506,2020-05-02,,2020-05-02 02:28:07,7.0,2
505,2020-05-03,,2020-05-03 05:35:26,9.0,5
504,2020-05-04,,2020-05-04 04:16:07,10.0,4
503,2020-05-05,,2020-05-05 04:26:29,10.0,4
502,2020-05-06,,2020-05-06 04:36:24,10.0,4
501,2020-05-07,,2020-05-07 05:16:01,6.0,5
500,2020-05-08,,2020-05-08 08:31:20,7.0,8
499,2020-05-09,,2020-05-09 09:52:07,9.0,9
498,2020-05-10,,2020-05-10 13:12:33,15.0,13
497,2020-05-11,,2020-05-11 08:53:11,10.0,8
496,2020-05-12,,2020-05-12 12:05:28,9.0,12
495,2020-05-13,,2020-05-13 11:53:31,9.0,11
494,2020-05-14,,2020-05-14 11:40:13,8.0,11
493,2020-05-15,,2020-05-15 14:42:19,9.0,14
492,2020-05-16,,2020-05-16 14:56:51,10.0,14
491,2020-05-17,,2020-05-17 17:51:41,8.0,17
490,2020-05-18,,2020-05-18 17:10:37,8.0,17
489,2020-05-19,,2020-05-19 18:45:23,7.0,18
488,2020-05-20,,2020-05-20 19:39:39,7.0,19
487,2020-05-21,,2020-05-21 19:33:39,9.0,19
486,2020-05-22,,2020-05-22 15:13:37,7.0,15
485,2020-05-23,,2020-05-23 00:21:56,8.0,0
484,2020-05-24,,2020-05-23 23:18:08,12.0,23
483,2020-05-25,,2020-05-25 01:55:25,8.0,1
482,2020-05-26,,2020-05-26 03:54:18,8.0,3
481,2020-05-27,,2020-05-27 02:04:06,12.0,2
480,2020-05-28,,2020-05-28 09:04:37,18.0,9
479,2020-05-29,,2020-05-29 09:12:58,16.0,9
478,2020-05-30,,2020-05-30 09:42:32,8.0,9
477,2020-05-31,,2020-05-31 08:04:19,11.0,8
476,2020-06-01,,2020-06-01 09:08:46,9.0,9
475,2020-06-02,,2020-06-02 03:44:22,6.0,3
474,2020-06-03,,2020-06-03 10:15:46,5.0,10
473,2020-06-04,,2020-06-04 05:11:55,5.0,5
472,2020-06-05,,2020-06-05 06:31:22,7.0,6
471,2020-06-06,,2020-06-06 09:04:32,13.0,9
470,2020-06-07,,2020-06-07 09:18:15,10.0,9
469,2020-06-08,,2020-06-08 11:44:58,11.0,11
468,2020-06-09,,2020-06-09 12:51:42,8.0,12
467,2020-06-10,,2020-06-10 10:24:48,15.0,10
466,2020-06-11,,2020-06-11 08:23:04,10.0,8
465,2020-06-12,,2020-06-12 11:25:46,10.0,11
464,2020-06-13,,2020-06-13 15:37:03,8.0,15
463,2020-06-14,,2020-06-14 18:18:49,10.0,18
462,2020-06-15,,2020-06-15 15:27:45,8.0,15
461,2020-06-16,,2020-06-16 04:02:59,7.0,4
460,2020-06-17,,2020-06-17 18:48:37,10.0,18
459,2020-06-18,,2020-06-18 16:01:57,8.0,16
458,2020-06-19,,2020-06-19 02:50:41,10.0,2
457,2020-06-20,,2020-06-19 22:55:17,7.0,22
456,2020-06-21,,2020-06-20 21:58:06,11.0,21
455,2020-06-22,,2020-06-22 00:47:04,9.0,0
454,2020-06-23,,2020-06-23 03:38:39,9.0,3
453,2020-06-24,,2020-06-24 03:31:12,10.0,3
452,2020-06-25,,2020-06-25 03:14:53,9.0,3
451,2020-06-26,,2020-06-26 06:42:24,9.0,6
450,2020-06-27,,2020-06-27 07:45:00,8.0,7
449,2020-06-28,,2020-06-28 07:13:22,10.0,7
448,2020-06-29,,2020-06-29 06:49:01,8.0,6
447,2020-06-30,,2020-06-30 07:24:42,13.0,7
446,2020-07-01,,2020-07-01 08:25:39,9.0,8
445,2020-07-02,,2020-07-02 10:36:59,5.0,10
444,2020-07-03,,2020-07-03 10:22:41,10.0,10
443,2020-07-04,,2020-07-04 16:01:29,8.0,16
442,2020-07-05,,2020-07-05 14:25:43,11.0,14
441,2020-07-06,,2020-07-06 13:50:38,7.0,13
440,2020-07-07,,2020-07-07 15:26:44,10.0,15
439,2020-07-08,,2020-07-08 15:49:52,9.0,15
438,2020-07-09,,2020-07-09 19:11:59,9.0,19
437,2020-07-10,,2020-07-10 13:20:51,6.0,13
436,2020-07-11,,2020-07-11 03:50:34,5.0,3
435,2020-07-12,,2020-07-11 22:39:13,9.0,22
434,2020-07-13,,2020-07-13 03:42:37,8.0,3
433,2020-07-14,,2020-07-14 12:51:04,10.0,12
432,2020-07-15,,2020-07-15 05:27:37,7.0,5
431,2020-07-16,,2020-07-16 06:28:50,9.0,6
430,2020-07-17,,2020-07-17 08:04:26,11.0,8
429,2020-07-18,,2020-07-18 08:13:01,13.0,8
428,2020-07-19,,2020-07-19 09:36:15,11.0,9
427,2020-07-20,,2020-07-20 01:29:17,6.0,1
426,2020-07-21,,2020-07-21 10:41:29,11.0,10
425,2020-07-22,,2020-07-22 06:54:36,9.0,6
424,2020-07-23,,2020-07-23 10:23:00,11.0,10
423,2020-07-24,,2020-07-24 18:17:10,10.0,18
422,2020-07-25,,2020-07-25 12:31:13,5.0,12
421,2020-07-26,,2020-07-26 12:41:41,14.0,12
420,2020-07-27,,2020-07-27 14:08:07,9.0,14
419,2020-07-28,,2020-07-28 14:48:15,9.0,14
418,2020-07-29,,2020-07-29 18:48:26,12.0,18
417,2020-07-30,,2020-07-30 18:26:34,10.0,18
416,2020-07-31,,2020-07-31 03:14:50,4.0,3
415,2020-08-01,,2020-07-31 21:17:52,9.0,21
414,2020-08-02,,2020-08-02 20:21:50,10.0,20
413,2020-08-03,,2020-08-03 13:25:48,11.0,13
412,2020-08-04,,2020-08-04 05:45:48,7.0,5
411,2020-08-05,,2020-08-05 04:04:57,7.0,4
410,2020-08-06,,2020-08-06 05:05:31,7.0,5
409,2020-08-07,,2020-08-07 05:15:24,10.0,5
408,2020-08-08,,2020-08-08 03:52:24,9.0,3
407,2020-08-09,,2020-08-09 07:46:40,8.0,7
406,2020-08-10,,2020-08-10 08:28:49,10.0,8
405,2020-08-11,,2020-08-11 07:48:42,8.0,7
404,2020-08-12,,2020-08-12 12:27:37,10.0,12
403,2020-08-13,,2020-08-13 08:48:53,11.0,8
402,2020-08-14,,2020-08-14 11:02:13,14.0,11
401,2020-08-15,,2020-08-15 11:21:33,12.0,11
400,2020-08-16,,2020-08-16 09:18:18,5.0,9
399,2020-08-17,,2020-08-17 09:57:45,11.0,9
398,2020-08-18,,2020-08-18 10:28:23,9.0,10
397,2020-08-19,,2020-08-19 10:55:52,8.0,10
396,2020-08-20,,2020-08-20 14:06:20,7.0,14
395,2020-08-21,,2020-08-21 06:54:34,10.0,6
394,2020-08-22,,2020-08-22 12:43:53,9.0,12
393,2020-08-23,,2020-08-23 17:26:21,4.0,17
392,2020-08-24,,2020-08-24 18:52:39,4.0,18
391,2020-08-25,,2020-08-25 03:36:34,4.0,3
390,2020-08-26,,2020-08-25 22:18:45,10.0,22
389,2020-08-27,,2020-08-26 21:49:36,9.0,21
388,2020-08-28,,2020-08-28 02:32:30,6.0,2
387,2020-08-29,,2020-08-29 03:26:06,7.0,3
386,2020-08-30,,2020-08-30 02:37:38,8.0,2
385,2020-08-31,,2020-08-31 00:53:45,10.0,0
384,2020-09-01,,2020-09-01 06:19:08,6.0,6
383,2020-09-02,,2020-09-02 08:10:58,7.0,8
382,2020-09-03,,2020-09-03 06:14:57,9.0,6
381,2020-09-04,,2020-09-04 09:45:06,8.0,9
380,2020-09-05,,2020-09-05 08:12:54,8.0,8
379,2020-09-06,,2020-09-06 03:40:56,6.0,3
378,2020-09-07,,2020-09-07 06:37:43,8.0,6
377,2020-09-08,,2020-09-08 08:18:58,7.0,8
376,2020-09-09,,2020-09-09 12:00:43,7.0,12
375,2020-09-10,,2020-09-10 08:24:26,9.0,8
374,2020-09-11,,2020-09-11 10:53:44,10.0,10
373,2020-09-12,,2020-09-12 11:47:39,9.0,11
372,2020-09-13,,2020-09-13 08:04:55,7.0,8
371,2020-09-14,,2020-09-14 08:19:38,9.0,8
370,2020-09-15,,2020-09-15 14:23:33,11.0,14
369,2020-09-16,,2020-09-15 23:26:31,6.0,23
368,2020-09-17,,2020-09-17 04:53:40,11.0,4
367,2020-09-18,,2020-09-18 14:40:49,10.0,14
366,2020-09-19,,2020-09-19 15:20:02,12.0,15
365,2020-09-20,,2020-09-20 01:25:52,6.0,1
364,2020-09-21,,2020-09-21 18:04:37,5.0,18
363,2020-09-22,,2020-09-22 12:03:30,8.0,12
362,2020-09-23,,2020-09-23 17:43:39,11.0,17
361,2020-09-24,,2020-09-23 23:29:35,3.0,23
360,2020-09-25,,2020-09-24 21:10:53,10.0,21
359,2020-09-26,,2020-09-26 11:09:23,11.0,11
358,2020-09-27,,2020-09-26 23:58:48,7.0,23
357,2020-09-28,,2020-09-27 22:56:51,9.0,22
356,2020-09-29,,2020-09-29 06:22:24,12.0,6
355,2020-09-30,,2020-09-30 04:46:58,8.0,4
354,2020-10-01,,2020-10-01 09:16:11,9.0,9
353,2020-10-02,,2020-10-02 02:00:08,6.0,2
352,2020-10-03,,2020-10-03 08:24:01,9.0,8
351,2020-10-04,,2020-10-04 06:43:41,9.0,6
350,2020-10-05,,2020-10-05 08:12:27,12.0,8
349,2020-10-06,,2020-10-06 09:18:59,8.0,9
348,2020-10-07,,2020-10-07 11:34:24,12.0,11
347,2020-10-08,,2020-10-08 12:03:30,6.0,12
346,2020-10-09,,2020-10-09 14:20:01,11.0,14
345,2020-10-10,,2020-10-10 14:17:35,7.0,14
344,2020-10-11,,2020-10-11 14:56:05,8.0,14
343,2020-10-12,,2020-10-12 10:37:04,11.0,10
342,2020-10-13,,2020-10-13 18:02:22,9.0,18
341,2020-10-14,,2020-10-14 19:15:45,8.0,19
340,2020-10-15,,2020-10-15 15:44:36,7.0,15
339,2020-10-16,,2020-10-16 19:33:40,10.0,19
338,2020-10-17,,2020-10-17 02:26:36,3.0,2
337,2020-10-18,,2020-10-17 21:04:11,8.0,21
336,2020-10-19,,2020-10-19 04:16:10,12.0,4
335,2020-10-20,,2020-10-20 06:04:29,8.0,6
334,2020-10-21,,2020-10-21 06:00:03,9.0,6
333,2020-10-22,,2020-10-22 06:25:27,9.0,6
332,2020-10-23,,2020-10-23 06:41:45,10.0,6
331,2020-10-24,,2020-10-24 07:22:37,9.0,7
330,2020-10-25,,2020-10-25 13:53:38,9.0,13
329,2020-10-26,,2020-10-26 06:57:16,8.0,6
328,2020-10-27,,2020-10-27 09:12:16,12.0,9
327,2020-10-28,,2020-10-28 12:50:58,7.0,12
326,2020-10-29,,2020-10-29 09:19:51,8.0,9
325,2020-10-30,,2020-10-30 20:46:05,13.0,20
324,2020-10-31,,2020-10-31 16:15:50,14.0,16
323,2020-11-01,,2020-11-01 08:52:27,5.0,8
322,2020-11-02,,2020-11-02 00:52:13,9.0,0
321,2020-11-03,,2020-11-03 06:05:45,8.0,6
320,2020-11-04,,2020-11-04 09:07:01,15.0,9
319,2020-11-05,,2020-11-05 13:32:51,14.0,13
318,2020-11-06,,2020-11-06 13:28:05,11.0,13
317,2020-11-07,,2020-11-07 13:41:18,7.0,13
316,2020-11-08,,2020-11-08 17:15:11,8.0,17
315,2020-11-09,,2020-11-09 10:06:07,8.0,10
314,2020-11-10,,2020-11-10 06:19:47,5.0,6
313,2020-11-11,,2020-11-10 22:32:37,13.0,22
312,2020-11-12,,2020-11-12 01:52:59,6.0,1
311,2020-11-13,,2020-11-12 23:07:19,11.0,23
310,2020-11-14,,2020-11-14 02:16:06,8.0,2
309,2020-11-15,,2020-11-15 02:16:50,6.0,2
308,2020-11-16,,2020-11-16 00:43:38,6.0,0
307,2020-11-17,,2020-11-17 06:01:08,8.0,6
306,2020-11-18,,2020-11-18 16:06:00,9.0,16
305,2020-11-19,,2020-11-19 03:38:00,4.0,3
304,2020-11-20,,2020-11-20 06:09:10,7.0,6
303,2020-11-21,,2020-11-21 10:19:35,5.0,10
302,2020-11-22,,2020-11-22 10:08:14,10.0,10
301,2020-11-23,,2020-11-23 06:36:36,6.0,6
300,2020-11-24,,2020-11-24 09:03:22,7.0,9
299,2020-11-25,,2020-11-25 13:59:54,7.0,13
298,2020-11-26,,2020-11-26 07:25:49,12.0,7
297,2020-11-27,,2020-11-26 21:58:55,7.0,21
296,2020-11-28,,2020-11-28 09:30:16,9.0,9
295,2020-11-29,,2020-11-29 15:20:46,7.0,15
294,2020-11-30,,2020-11-30 10:33:20,4.0,10
293,2020-12-01,,2020-12-01 02:52:04,7.0,2
292,2020-12-02,,2020-12-02 02:48:50,6.0,2
291,2020-12-03,,2020-12-03 03:24:21,1.0,3
290,2020-12-04,,2020-12-04 03:03:34,10.0,3
289,2020-12-05,,2020-12-05 02:10:33,7.0,2
288,2020-12-06,,2020-12-06 01:19:57,9.0,1
287,2020-12-07,,2020-12-07 04:36:59,10.0,4
286,2020-12-08,,2020-12-08 05:11:43,10.0,5
285,2020-12-09,,2020-12-09 09:54:25,10.0,9
284,2020-12-10,,2020-12-10 08:00:49,8.0,8
283,2020-12-11,,2020-12-11 09:32:30,10.0,9
282,2020-12-12,,2020-12-12 12:50:19,11.0,12
281,2020-12-13,,2020-12-13 07:03:13,7.0,7
280,2020-12-14,,2020-12-14 16:09:49,6.0,16
279,2020-12-15,,2020-12-15 10:34:59,6.0,10
278,2020-12-16,,2020-12-16 07:07:00,6.0,7
277,2020-12-17,,2020-12-17 10:26:39,10.0,10
276,2020-12-18,,2020-12-18 15:34:27,11.0,15
275,2020-12-19,,2020-12-19 07:11:02,5.0,7
274,2020-12-20,,2020-12-20 09:20:29,8.0,9
273,2020-12-21,,2020-12-21 11:06:51,6.0,11
272,2020-12-22,,2020-12-22 06:35:48,6.0,6
271,2020-12-23,,2020-12-23 10:49:14,9.0,10
270,2020-12-24,,2020-12-24 11:14:50,10.0,11
269,2020-12-25,,2020-12-25 14:55:06,10.0,14
268,2020-12-26,,2020-12-26 16:57:49,6.0,16
267,2020-12-27,,2020-12-27 18:25:18,8.0,18
266,2020-12-28,,2020-12-28 20:09:42,9.0,20
265,2020-12-29,,2020-12-29 05:15:06,3.0,5
264,2020-12-30,,2020-12-29 21:31:11,10.0,21
263,2020-12-31,,2020-12-31 02:50:33,9.0,2
262,2021-01-01,,2021-01-01 04:58:16,7.0,4
261,2021-01-02,,2021-01-02 02:33:12,7.0,2
260,2021-01-03,,2021-01-02 22:50:20,11.0,22
259,2021-01-04,,2021-01-04 07:59:38,9.0,7
258,2021-01-05,,2021-01-05 07:51:29,10.0,7
257,2021-01-06,,2021-01-06 06:55:26,5.0,6
256,2021-01-07,,2021-01-07 09:10:10,9.0,9
255,2021-01-08,,2021-01-08 09:17:19,5.0,9
254,2021-01-09,,2021-01-09 04:56:16,10.0,4
253,2021-01-10,,2021-01-10 07:07:16,9.0,7
252,2021-01-11,,2021-01-11 01:27:39,6.0,1
251,2021-01-12,,2021-01-12 11:32:08,13.0,11
250,2021-01-13,,2021-01-13 12:42:12,5.0,12
249,2021-01-14,,2021-01-14 13:36:44,18.0,13
248,2021-01-15,,2021-01-15 16:38:32,16.0,16
247,2021-01-16,,2021-01-16 13:44:10,17.0,13
246,2021-01-17,,2021-01-17 14:15:26,12.0,14
245,2021-01-18,,2021-01-18 19:24:01,8.0,19
244,2021-01-19,,2021-01-19 05:33:47,7.0,5
243,2021-01-20,,2021-01-20 08:53:45,3.0,8
242,2021-01-21,,2021-01-20 21:22:31,12.0,21
241,2021-01-22,,2021-01-22 05:49:01,6.0,5
240,2021-01-23,,2021-01-23 01:47:40,7.0,1
239,2021-01-24,,2021-01-24 07:16:46,9.0,7
238,2021-01-25,,2021-01-25 06:53:51,11.0,6
237,2021-01-26,,2021-01-26 08:06:54,7.0,8
236,2021-01-27,,2021-01-27 11:55:27,8.0,11
235,2021-01-28,,2021-01-28 12:05:15,7.0,12
234,2021-01-29,,2021-01-29 00:03:37,3.0,0
233,2021-01-30,,2021-01-30 01:12:32,4.0,1
232,2021-01-31,,2021-01-31 11:42:39,10.0,11
231,2021-02-01,,2021-02-01 05:09:55,4.0,5
230,2021-02-02,,2021-02-02 08:43:49,9.0,8
229,2021-02-03,,2021-02-03 05:41:32,6.0,5
228,2021-02-04,,2021-02-04 13:50:44,8.0,13
227,2021-02-05,,2021-02-05 12:04:14,9.0,12
226,2021-02-06,,2021-02-06 13:26:37,6.0,13
225,2021-02-07,,2021-02-07 08:30:28,6.0,8
224,2021-02-08,,2021-02-08 15:25:55,6.0,15
223,2021-02-09,,2021-02-09 19:17:06,7.0,19
222,2021-02-10,,2021-02-10 13:15:51,8.0,13
221,2021-02-11,,2021-02-11 03:05:22,4.0,3
220,2021-02-12,,2021-02-11 22:44:45,6.0,22
219,2021-02-13,,2021-02-13 05:20:49,6.0,5
218,2021-02-14,,2021-02-13 21:41:53,8.0,21
217,2021-02-15,,2021-02-14 21:38:05,8.0,21
216,2021-02-16,,2021-02-16 01:23:51,12.0,1
215,2021-02-17,,2021-02-17 07:29:09,10.0,7
214,2021-02-18,,2021-02-18 06:00:47,9.0,6
213,2021-02-19,,2021-02-19 01:42:09,5.0,1
212,2021-02-20,,2021-02-20 05:07:50,11.0,5
211,2021-02-21,,2021-02-21 08:01:32,8.0,8
210,2021-02-22,,2021-02-22 10:01:13,14.0,10
209,2021-02-23,,2021-02-23 04:20:49,5.0,4
208,2021-02-24,,2021-02-24 05:30:13,8.0,5
207,2021-02-25,,2021-02-25 07:23:19,8.0,7
206,2021-02-26,,2021-02-26 12:07:00,9.0,12
205,2021-02-27,,2021-02-27 06:24:52,8.0,6
204,2021-02-28,,2021-02-28 10:43:20,10.0,10
203,2021-03-01,,2021-03-01 13:35:30,8.0,13
202,2021-03-02,,2021-03-02 11:09:12,7.0,11
201,2021-03-03,,2021-03-03 07:51:50,7.0,7
200,2021-03-04,,2021-03-04 14:28:48,12.0,14
199,2021-03-05,,2021-03-05 15:38:26,7.0,15
198,2021-03-06,,2021-03-06 16:04:39,15.0,16
197,2021-03-07,,2021-03-07 02:39:26,5.0,2
196,2021-03-08,,2021-03-08 09:20:20,8.0,9
195,2021-03-09,,2021-03-09 01:20:24,3.0,1
194,2021-03-10,,2021-03-09 21:07:12,11.0,21
193,2021-03-11,,2021-03-11 00:57:37,4.0,0
192,2021-03-12,,2021-03-11 23:20:43,4.0,23
191,2021-03-13,,2021-03-13 17:05:37,7.0,17
190,2021-03-14,,2021-03-14 04:46:26,5.0,4
189,2021-03-15,,2021-03-15 05:31:46,9.0,5
188,2021-03-16,,2021-03-16 20:28:37,6.0,20
187,2021-03-17,,2021-03-17 10:43:04,8.0,10
186,2021-03-18,,2021-03-18 09:29:15,10.0,9
185,2021-03-19,,2021-03-19 11:20:11,8.0,11
184,2021-03-20,,2021-03-20 06:33:07,7.0,6
183,2021-03-21,,2021-03-21 03:12:21,7.0,3
182,2021-03-22,,2021-03-22 14:02:59,8.0,14
181,2021-03-23,,2021-03-23 11:36:52,7.0,11
180,2021-03-24,,2021-03-24 20:54:28,7.0,20
179,2021-03-25,,2021-03-25 01:00:05,2.0,1
178,2021-03-26,,2021-03-25 21:07:41,5.0,21
177,2021-03-27,,2021-03-27 12:50:17,9.0,12
176,2021-03-28,,2021-03-27 22:13:39,2.0,22
175,2021-03-29,,2021-03-28 21:31:20,11.0,21
174,2021-03-30,,2021-03-29 22:41:11,8.0,22
173,2021-03-31,,2021-03-30 23:57:58,7.0,23
172,2021-04-01,,2021-04-01 00:28:15,9.0,0
171,2021-04-02,,2021-04-02 03:50:52,8.0,3
170,2021-04-03,,2021-04-03 05:20:49,12.0,5
169,2021-04-04,,2021-04-04 07:03:20,10.0,7
168,2021-04-05,,2021-04-05 06:51:20,7.0,6
167,2021-04-06,,2021-04-06 09:51:45,9.0,9
166,2021-04-07,,2021-04-07 09:40:09,8.0,9
165,2021-04-08,,2021-04-08 10:47:18,9.0,10
164,2021-04-09,,2021-04-09 12:34:32,7.0,12
163,2021-04-10,,2021-04-10 11:01:09,9.0,11
162,2021-04-11,,2021-04-11 09:17:38,8.0,9
161,2021-04-12,,2021-04-12 09:11:33,5.0,9
160,2021-04-13,,2021-04-13 15:15:54,17.0,15
159,2021-04-14,,2021-04-14 12:29:46,7.0,12
158,2021-04-15,,2021-04-15 12:09:04,6.0,12
157,2021-04-16,,2021-04-16 18:16:53,8.0,18
156,2021-04-17,,2021-04-17 18:13:13,8.0,18
155,2021-04-18,,2021-04-18 07:11:04,6.0,7
154,2021-04-19,,2021-04-19 14:59:57,9.0,14
153,2021-04-20,,2021-04-20 08:52:54,5.0,8
152,2021-04-21,,2021-04-21 18:58:30,9.0,18
151,2021-04-22,,2021-04-22 08:20:21,4.0,8
150,2021-04-23,,2021-04-22 22:27:30,7.0,22
149,2021-04-24,,2021-04-23 22:22:22,9.0,22
148,2021-04-25,,2021-04-25 04:10:13,8.0,4
147,2021-04-26,,2021-04-26 09:15:22,9.0,9
146,2021-04-27,,2021-04-27 03:59:10,7.0,3
145,2021-04-28,,2021-04-28 14:55:39,13.0,14
144,2021-04-29,,2021-04-29 07:54:02,10.0,7
143,2021-04-30,,2021-04-30 10:25:04,9.0,10
142,2021-05-01,,2021-05-01 08:55:28,7.0,8
141,2021-05-02,,2021-05-02 09:24:27,10.0,9
140,2021-05-03,,2021-05-03 09:39:17,8.0,9
139,2021-05-04,,2021-05-04 11:53:42,11.0,11
138,2021-05-05,,2021-05-05 16:29:28,7.0,16
137,2021-05-06,,2021-05-06 14:33:39,6.0,14
136,2021-05-07,,2021-05-07 12:41:29,7.0,12
135,2021-05-08,,2021-05-08 14:16:16,7.0,14
134,2021-05-09,,2021-05-09 19:31:49,12.0,19
133,2021-05-10,,2021-05-10 07:41:54,7.0,7
132,2021-05-11,,2021-05-11 03:12:34,4.0,3
131,2021-05-12,,2021-05-11 21:42:15,6.0,21
130,2021-05-13,,2021-05-13 00:30:04,7.0,0
129,2021-05-14,,2021-05-13 23:21:55,7.0,23
128,2021-05-15,,2021-05-14 23:03:10,7.0,23
127,2021-05-16,,2021-05-16 07:58:14,8.0,7
126,2021-05-17,,2021-05-17 07:11:01,7.0,7
125,2021-05-18,,2021-05-18 06:44:53,8.0,6
124,2021-05-19,,2021-05-19 10:30:21,7.0,10
123,2021-05-20,,2021-05-20 08:21:41,8.0,8
122,2021-05-21,,2021-05-21 11:57:54,10.0,11
121,2021-05-22,,2021-05-22 09:56:27,8.0,9
120,2021-05-23,,2021-05-23 08:16:03,11.0,8
119,2021-05-24,,2021-05-24 16:19:27,15.0,16
118,2021-05-25,,2021-05-25 18:07:46,7.0,18
117,2021-05-26,,2021-05-26 18:56:38,10.0,18
116,2021-05-27,,2021-05-27 17:28:34,5.0,17
115,2021-05-28,,2021-05-28 19:01:57,10.0,19
114,2021-05-29,,2021-05-29 20:15:27,6.0,20
113,2021-05-30,,2021-05-30 05:36:16,3.0,5
112,2021-05-31,,2021-05-31 03:34:00,7.0,3
111,2021-06-01,,2021-06-01 03:40:51,7.0,3
110,2021-06-02,,2021-06-01 23:07:53,6.0,23
109,2021-06-03,,2021-06-03 04:51:37,8.0,4
108,2021-06-04,,2021-06-04 05:49:42,7.0,5
107,2021-06-05,,2021-06-05 03:26:43,7.0,3
106,2021-06-06,,2021-06-06 09:22:19,8.0,9
105,2021-06-07,,2021-06-07 06:33:03,7.0,6
104,2021-06-08,,2021-06-08 11:11:40,8.0,11
103,2021-06-09,,2021-06-09 09:03:32,9.0,9
102,2021-06-10,,2021-06-10 09:10:16,8.0,9
101,2021-06-11,,2021-06-11 10:16:51,9.0,10
100,2021-06-12,,2021-06-12 01:57:02,9.0,1
99,2021-06-13,,2021-06-13 16:07:04,5.0,16
98,2021-06-14,,2021-06-14 04:18:37,6.0,4
97,2021-06-15,,2021-06-15 07:50:14,6.0,7
96,2021-06-16,,2021-06-16 17:19:30,6.0,17
95,2021-06-17,,2021-06-17 15:58:21,9.0,15
94,2021-06-18,,2021-06-18 11:50:44,5.0,11
93,2021-06-19,,2021-06-19 19:30:35,12.0,19
92,2021-06-20,,2021-06-20 03:14:04,4.0,3
91,2021-06-21,,2021-06-21 01:58:03,10.0,1
90,2021-06-22,,2021-06-21 22:13:10,6.0,22
89,2021-06-23,,2021-06-23 01:02:26,8.0,1
88,2021-06-24,,2021-06-23 21:04:54,7.0,21
87,2021-06-25,,2021-06-25 05:41:28,7.0,5
86,2021-06-26,,2021-06-26 02:07:16,9.0,2
85,2021-06-27,,2021-06-27 03:46:57,10.0,3
84,2021-06-28,,2021-06-28 08:38:26,7.0,8
83,2021-06-29,,2021-06-29 12:41:44,8.0,12
82,2021-06-30,,2021-06-30 11:37:31,7.0,11
81,2021-07-01,,2021-07-01 05:00:03,8.0,5
80,2021-07-02,,2021-07-02 03:08:35,6.0,3
79,2021-07-03,,2021-07-03 10:56:55,9.0,10
78,2021-07-04,,2021-07-04 09:38:14,9.0,9
77,2021-07-05,,2021-07-05 09:35:41,9.0,9
76,2021-07-06,,2021-07-06 10:38:33,9.0,10
75,2021-07-07,,2021-07-07 11:51:22,11.0,11
74,2021-07-08,,2021-07-08 13:44:02,8.0,13
73,2021-07-09,,2021-07-09 16:44:08,8.0,16
72,2021-07-10,,2021-07-10 09:59:11,8.0,9
71,2021-07-11,,2021-07-11 17:30:18,8.0,17
70,2021-07-12,,2021-07-12 18:19:04,9.0,18
69,2021-07-13,,2021-07-13 20:24:37,8.0,20
68,2021-07-14,,2021-07-14 07:24:52,9.0,7
67,2021-07-15,,2021-07-15 02:51:56,7.0,2
66,2021-07-16,,2021-07-16 05:10:16,9.0,5
65,2021-07-17,,2021-07-17 06:53:59,5.0,6
64,2021-07-18,,2021-07-18 05:04:45,7.0,5
63,2021-07-19,,2021-07-19 07:00:36,10.0,7
62,2021-07-20,,2021-07-20 07:26:27,9.0,7
61,2021-07-21,,2021-07-21 06:44:50,8.0,6
60,2021-07-22,,2021-07-22 08:44:03,10.0,8
59,2021-07-23,,2021-07-23 16:00:58,7.0,16
58,2021-07-24,,2021-07-24 10:47:05,6.0,10
57,2021-07-25,,2021-07-25 10:40:23,9.0,10
56,2021-07-26,,2021-07-26 16:15:45,8.0,16
55,2021-07-27,,2021-07-27 11:44:18,9.0,11
54,2021-07-28,,2021-07-28 15:12:09,16.0,15
53,2021-07-29,,2021-07-29 13:50:21,7.0,13
52,2021-07-30,,2021-07-30 12:38:43,7.0,12
51,2021-07-31,,2021-07-31 20:19:14,10.0,20
50,2021-08-01,,2021-08-01 13:18:23,3.0,13
49,2021-08-02,,2021-08-02 00:11:12,7.0,0
48,2021-08-03,,2021-08-02 22:54:23,5.0,22
47,2021-08-04,,2021-08-04 03:20:28,6.0,3
46,2021-08-05,,2021-08-05 01:59:46,8.0,1
45,2021-08-06,,2021-08-06 08:31:33,6.0,8
44,2021-08-07,,2021-08-07 04:06:54,9.0,4
43,2021-08-08,,2021-08-08 05:31:25,8.0,5
42,2021-08-09,,2021-08-09 07:14:35,7.0,7
41,2021-08-10,,2021-08-10 08:40:17,9.0,8
40,2021-08-11,,2021-08-11 04:14:18,5.0,4
39,2021-08-12,,2021-08-12 08:00:45,7.0,8
38,2021-08-13,,2021-08-13 11:53:13,11.0,11
37,2021-08-14,,2021-08-14 08:00:58,7.0,8
36,2021-08-15,,2021-08-15 07:35:49,6.0,7
35,2021-08-16,,2021-08-16 11:57:16,4.0,11
34,2021-08-17,,2021-08-17 10:54:19,6.0,10
33,2021-08-18,,2021-08-18 10:24:17,9.0,10
32,2021-08-19,,2021-08-19 07:52:29,4.0,7
31,2021-08-20,,2021-08-20 11:33:04,9.0,11
30,2021-08-21,,2021-08-21 08:04:18,7.0,8
29,2021-08-22,,2021-08-22 09:29:02,9.0,9
28,2021-08-23,,2021-08-23 12:29:11,11.0,12
27,2021-08-24,,2021-08-24 15:55:34,5.0,15
26,2021-08-25,,2021-08-25 11:42:23,10.0,11
25,2021-08-26,,2021-08-26 14:39:23,10.0,14
24,2021-08-27,,2021-08-27 13:11:39,8.0,13
23,2021-08-28,,2021-08-28 08:08:12,5.0,8
22,2021-08-29,,2021-08-29 10:41:02,6.0,10
21,2021-08-30,,2021-08-30 11:32:25,6.0,11
20,2021-08-31,,2021-08-30 21:22:41,4.0,21
19,2021-09-01,,2021-08-31 21:23:43,7.0,21
18,2021-09-02,,2021-09-02 20:16:57,9.0,20
17,2021-09-03,,2021-09-03 08:48:13,5.0,8
16,2021-09-04,,2021-09-03 22:18:35,13.0,22
15,2021-09-05,,2021-09-04 23:01:51,11.0,23
14,2021-09-06,,2021-09-06 00:27:17,8.0,0
13,2021-09-07,,2021-09-07 03:04:30,11.0,3
12,2021-09-08,,2021-09-08 00:38:56,10.0,0
11,2021-09-09,,2021-09-09 03:31:18,9.0,3
10,2021-09-10,,2021-09-10 04:09:56,9.0,4
9,2021-09-11,,2021-09-11 07:22:18,8.0,7
8,2021-09-12,,2021-09-12 03:19:10,7.0,3
7,2021-09-13,,2021-09-13 03:45:30,8.0,3
6,2021-09-14,,2021-09-14 04:16:39,9.0,4
5,2021-09-15,,2021-09-15 03:42:21,8.0,3
4,2021-09-16,,2021-09-16 03:37:16,7.0,3
3,2021-09-17,,2021-09-17 06:59:57,8.0,6
2,2021-09-18,,2021-09-18 08:01:38,9.0,8
1,2021-09-19,,2021-09-19 04:23:32,6.0,4
0,2021-09-20,,2021-09-19 23:05:21,7.0,23
